transaction_id,customer_id,transaction_amount,transaction_date,transaction_count,region,transaction_status
TXN_0000001,CUST_01127,1162.4,2024-06-06,4,West,Success
TXN_0000002,CUST_00861,882.07,2024-10-04,4,North,Success
TXN_0000003,CUST_01131,5281.28,2024-07-21,8,West,Success
TXN_0000004,CUST_01096,1398.36,2024-03-06,3,South,Success
TXN_0000005,CUST_01045,2287.15,2024-04-17,5,East,Fail
TXN_0000006,CUST_00122,4744.03,2024-09-24,3,East,Success
TXN_0000007,CUST_00467,1499.06,2024-08-09,6,North,Success
TXN_0000008,CUST_00331,2128.68,2024-10-18,4,East,Success
TXN_0000009,CUST_00088,2179.27,2024-01-18,5,North,Success
TXN_0000010,CUST_01124,3814.86,2024-03-30,6,North,Success
TXN_0000011,CUST_00872,3542.53,2024-06-29,2,West,Success
TXN_0000012,CUST_00131,1851.79,2024-09-11,4,South,Success
TXN_0000013,CUST_00770,2323.71,2024-09-09,4,South,Success
TXN_0000014,CUST_00344,1640.21,2024-09-13,3,South,Success
TXN_0000015,CUST_00806,677.16,2024-12-11,6,South,Success
TXN_0000016,CUST_00386,2713.73,2024-03-27,3,West,Success
TXN_0000017,CUST_00956,10034.19,2024-03-30,7,South,Success
TXN_0000018,CUST_00277,1089.01,2024-08-24,3,South,Success
TXN_0000019,CUST_01185,1189.84,2024-03-10,4,East,Success
TXN_0000020,CUST_00460,1100.39,2024-02-13,7,South,Success
TXN_0000021,CUST_00022,3942.91,2024-07-18,7,South,Success
TXN_0000022,CUST_00253,3161.46,2024-05-31,3,North,Success
TXN_0000023,CUST_00748,1945.3,2024-03-26,4,North,Success
TXN_0000024,CUST_00857,1059.53,2024-01-19,4,South,Fail
TXN_0000025,CUST_00475,2377.73,2024-04-10,7,North,Success
TXN_0000026,CUST_01083,631.63,2024-04-04,1,East,Success
TXN_0000027,CUST_00511,2476.85,2024-09-10,2,East,Success
TXN_0000028,CUST_00700,4434.72,2024-12-22,8,East,Success
TXN_0000029,CUST_00976,811.63,2024-01-30,7,West,Success
TXN_0000030,CUST_00190,648.06,2024-09-05,3,East,Success
TXN_0000031,CUST_00958,7813.05,2024-02-02,8,South,Success
TXN_0000032,CUST_00687,1353.69,2024-08-16,3,East,Success
TXN_0000033,CUST_00958,5479.44,2024-01-12,8,East,Success
TXN_0000034,CUST_00563,1952.38,2024-04-27,5,East,Fail
TXN_0000035,CUST_00832,1939.99,2024-12-15,3,East,Success
TXN_0000036,CUST_01155,3136.08,2024-06-03,7,North,Success
TXN_0000037,CUST_00647,1088.77,2024-09-02,4,East,Success
TXN_0000038,CUST_00021,2455.28,2024-11-27,5,East,Success
TXN_0000039,CUST_00841,1627.51,2024-09-03,2,North,Success
TXN_0000040,CUST_00167,767.86,2024-01-29,4,North,Fail
TXN_0000041,CUST_00388,2892.82,2024-06-09,5,West,Success
TXN_0000042,CUST_00601,1788.9,2024-08-22,4,South,Success
TXN_0000043,CUST_00316,1947.65,2024-07-08,3,West,Success
TXN_0000044,CUST_00014,838.72,2024-04-26,6,North,Success
TXN_0000045,CUST_00242,7888.18,2024-09-27,2,North,Success
TXN_0000046,CUST_00777,4453.17,2024-09-14,3,North,Success
TXN_0000047,CUST_00565,4775.84,2024-06-28,2,West,Success
TXN_0000048,CUST_00898,1729.6,2024-06-20,7,East,Success
TXN_0000049,CUST_00092,553.72,2024-09-30,2,South,Success
TXN_0000050,CUST_00956,10533.69,2024-09-15,3,South,Success
TXN_0000051,CUST_00509,2103.0,2024-05-14,7,East,Success
TXN_0000052,CUST_00776,1213.13,2024-06-19,4,South,Success
TXN_0000053,CUST_00035,3082.33,2024-07-28,3,East,Success
TXN_0000054,CUST_00206,5617.81,2024-08-23,4,West,Success
TXN_0000055,CUST_01105,2168.0,2024-07-04,3,North,Success
TXN_0000056,CUST_01026,6141.72,2024-12-29,9,East,Success
TXN_0000057,CUST_01022,5252.19,2024-04-04,14,East,Success
TXN_0000058,CUST_00566,933.46,2024-01-11,4,North,Success
TXN_0000059,CUST_01130,1288.16,2024-03-08,7,North,Fail
TXN_0000060,CUST_00703,4750.62,2024-07-28,1,South,Success
TXN_0000061,CUST_00402,252.12,2024-07-14,5,East,Success
TXN_0000062,CUST_00730,1959.48,2024-04-07,4,North,Fail
TXN_0000063,CUST_00162,702.98,2024-04-02,2,South,Success
TXN_0000064,CUST_00202,1508.33,2024-01-22,4,West,Success
TXN_0000065,CUST_00996,1738.79,2024-06-20,4,East,Success
TXN_0000066,CUST_00270,1658.06,2024-05-13,7,West,Success
TXN_0000067,CUST_00816,1419.69,2024-01-25,7,North,Success
TXN_0000068,CUST_00456,918.08,2024-07-03,4,North,Success
TXN_0000069,CUST_01017,13815.26,2024-03-25,5,East,Success
TXN_0000070,CUST_00296,9837.63,2024-02-24,8,West,Fail
TXN_0000071,CUST_00720,871.61,2024-09-07,4,North,Success
TXN_0000072,CUST_00338,7829.81,2024-05-23,7,East,Success
TXN_0000073,CUST_00879,1604.28,2024-12-16,5,East,Success
TXN_0000074,CUST_01077,2448.79,2024-06-15,6,East,Success
TXN_0000075,CUST_00792,2099.35,2024-08-11,3,North,Fail
TXN_0000076,CUST_00217,1302.71,2024-08-07,7,North,Success
TXN_0000077,CUST_00764,4851.69,2024-06-27,7,East,Success
TXN_0000078,CUST_00188,2442.33,2024-04-28,3,South,Success
TXN_0000079,CUST_00380,1508.33,2024-09-21,3,East,Success
TXN_0000080,CUST_00493,777.69,2024-05-29,3,East,Success
TXN_0000081,CUST_01065,1080.44,2024-08-02,5,East,Success
TXN_0000082,CUST_01181,594.01,2024-07-15,6,South,Success
TXN_0000083,CUST_00015,2230.05,2024-02-11,4,West,Success
TXN_0000084,CUST_00065,847.82,2024-02-22,2,North,Success
TXN_0000085,CUST_00521,1785.67,2024-11-25,7,North,Success
TXN_0000086,CUST_01153,6608.3,2024-09-07,3,West,Success
TXN_0000087,CUST_00648,5764.3,2024-10-21,8,East,Fail
TXN_0000088,CUST_01087,2152.06,2024-09-27,6,East,Fail
TXN_0000089,CUST_01163,2059.73,2024-05-02,4,North,Success
TXN_0000090,CUST_00593,9935.8,2024-12-04,4,East,Success
TXN_0000091,CUST_00392,3349.63,2024-09-22,5,West,Success
TXN_0000092,CUST_00419,1698.93,2024-12-13,5,North,Success
TXN_0000093,CUST_00289,705.7,2024-01-29,4,South,Success
TXN_0000094,CUST_00379,3026.31,2024-02-04,6,East,Success
TXN_0000095,CUST_00231,4287.5,2024-01-06,4,West,Success
TXN_0000096,CUST_01018,1332.32,2024-04-20,7,North,Success
TXN_0000097,CUST_00041,2787.67,2024-10-20,6,North,Success
TXN_0000098,CUST_01052,1651.01,2024-03-17,5,South,Success
TXN_0000099,CUST_00135,1906.02,2024-12-14,3,East,Success
TXN_0000100,CUST_00201,301.79,2024-05-26,6,South,Success
TXN_0000101,CUST_00780,1849.32,2024-03-07,6,West,Success
TXN_0000102,CUST_00930,4795.8,2024-01-08,7,North,Success
TXN_0000103,CUST_01057,1332.59,2024-05-01,4,North,Success
TXN_0000104,CUST_01072,2303.12,2024-12-05,9,South,Success
TXN_0000105,CUST_00503,1206.21,2024-06-23,7,South,Success
TXN_0000106,CUST_00407,2946.44,2024-06-27,6,South,Success
TXN_0000107,CUST_00805,1857.12,2024-03-25,5,East,Success
TXN_0000108,CUST_00099,1041.7,2024-02-14,5,North,Success
TXN_0000109,CUST_00684,6412.74,2024-05-15,10,East,Success
TXN_0000110,CUST_00726,4643.14,2024-12-08,6,West,Fail
TXN_0000111,CUST_00961,1361.14,2024-01-16,9,East,Success
TXN_0000112,CUST_00613,3288.64,2024-11-28,4,South,Success
TXN_0000113,CUST_00643,3394.56,2024-07-13,6,West,Success
TXN_0000114,CUST_01029,3691.7,2024-01-09,3,West,Success
TXN_0000115,CUST_00503,569.41,2024-11-11,6,East,Success
TXN_0000116,CUST_00767,4940.81,2024-11-29,4,East,Success
TXN_0000117,CUST_00398,1400.02,2024-11-28,6,South,Success
TXN_0000118,CUST_00871,1658.61,2024-11-22,5,South,Success
TXN_0000119,CUST_00795,18220.55,2024-01-15,5,West,Success
TXN_0000120,CUST_00393,2811.57,2024-11-22,7,South,Success
TXN_0000121,CUST_00207,1621.23,2024-04-11,3,North,Success
TXN_0000122,CUST_01039,378.33,2024-08-13,4,North,Success
TXN_0000123,CUST_00892,6713.07,2024-10-04,6,West,Success
TXN_0000124,CUST_00864,752.82,2024-04-22,8,East,Success
TXN_0000125,CUST_00743,989.55,2024-01-01,4,East,Fail
TXN_0000126,CUST_00564,1694.12,2024-09-22,2,North,Success
TXN_0000127,CUST_01021,6857.71,2024-07-26,4,East,Success
TXN_0000128,CUST_00096,4099.38,2024-04-19,6,South,Success
TXN_0000129,CUST_00485,1946.39,2024-07-18,5,North,Success
TXN_0000130,CUST_00231,2826.05,2024-11-01,6,West,Success
TXN_0000131,CUST_00749,1366.07,2024-01-12,3,East,Success
TXN_0000132,CUST_01195,2469.38,2024-12-10,3,West,Success
TXN_0000133,CUST_00541,2341.79,2024-07-06,6,West,Success
TXN_0000134,CUST_01060,4793.5,2024-06-02,5,East,Success
TXN_0000135,CUST_00525,4787.4,2024-11-29,4,East,Success
TXN_0000136,CUST_01184,3278.63,2024-10-05,11,North,Success
TXN_0000137,CUST_01110,1652.63,2024-06-19,6,North,Success
TXN_0000138,CUST_00578,3997.63,2024-05-13,5,West,Fail
TXN_0000139,CUST_00682,2051.7,2024-01-25,5,West,Success
TXN_0000140,CUST_00557,929.33,2024-01-18,7,North,Success
TXN_0000141,CUST_01013,1599.38,2024-07-08,5,West,Success
TXN_0000142,CUST_00646,2362.84,2024-05-20,2,South,Success
TXN_0000143,CUST_00796,4574.13,2024-02-12,3,East,Success
TXN_0000144,CUST_01052,1906.79,2024-11-29,4,East,Success
TXN_0000145,CUST_00190,839.36,2024-10-10,8,South,Success
TXN_0000146,CUST_00633,2310.9,2024-05-25,5,North,Success
TXN_0000147,CUST_00628,2418.17,2024-11-10,4,North,Success
TXN_0000148,CUST_00973,2562.32,2024-11-14,10,West,Fail
TXN_0000149,CUST_00710,4609.6,2024-04-01,6,West,Success
TXN_0000150,CUST_00649,4989.74,2024-06-27,4,North,Success
TXN_0000151,CUST_00318,1372.83,2024-02-25,4,West,Success
TXN_0000152,CUST_00684,1348.95,2024-06-03,4,South,Success
TXN_0000153,CUST_00664,960.87,2024-06-08,6,East,Success
TXN_0000154,CUST_01137,3862.43,2024-04-20,4,South,Success
TXN_0000155,CUST_00442,7037.84,2024-05-16,6,East,Success
TXN_0000156,CUST_00564,1716.31,2024-08-19,6,East,Success
TXN_0000157,CUST_01137,1820.48,2024-08-07,3,West,Success
TXN_0000158,CUST_00952,7139.7,2024-03-08,3,West,Success
TXN_0000159,CUST_01105,3309.15,2024-10-28,3,East,Success
TXN_0000160,CUST_00699,3130.63,2024-09-05,2,West,Success
TXN_0000161,CUST_00113,851.73,2024-11-18,5,South,Success
TXN_0000162,CUST_00002,3800.86,2024-01-06,2,North,Success
TXN_0000163,CUST_00642,1050.15,2024-10-06,5,West,Success
TXN_0000164,CUST_00220,891.39,2024-04-03,9,West,Success
TXN_0000165,CUST_00855,1673.35,2024-09-25,4,West,Success
TXN_0000166,CUST_00385,1382.11,2024-07-15,4,North,Success
TXN_0000167,CUST_01154,1849.59,2024-01-25,4,South,Success
TXN_0000168,CUST_01077,697.3,2024-05-27,6,East,Success
TXN_0000169,CUST_00730,4755.48,2024-04-27,4,South,Fail
TXN_0000170,CUST_00247,5443.34,2024-12-03,5,West,Success
TXN_0000171,CUST_00836,465.04,2024-12-03,9,North,Success
TXN_0000172,CUST_00203,4830.79,2024-03-06,6,South,Success
TXN_0000173,CUST_00123,1154.68,2024-10-27,6,West,Success
TXN_0000174,CUST_00401,4383.4,2024-06-23,2,West,Success
TXN_0000175,CUST_00767,2090.68,2024-11-14,6,East,Success
TXN_0000176,CUST_00294,2259.77,2024-03-16,8,North,Success
TXN_0000177,CUST_00280,1904.4,2024-04-23,8,East,Success
TXN_0000178,CUST_00884,5823.77,2024-04-20,3,South,Success
TXN_0000179,CUST_00198,819.2,2024-09-05,4,East,Success
TXN_0000180,CUST_00982,3591.31,2024-07-21,3,South,Success
TXN_0000181,CUST_00752,5329.77,2024-05-26,4,West,Success
TXN_0000182,CUST_00144,3916.96,2024-02-04,8,North,Success
TXN_0000183,CUST_00609,14182.43,2024-11-04,4,North,Fail
TXN_0000184,CUST_01148,1446.41,2024-01-26,5,West,Success
TXN_0000185,CUST_00187,4749.73,2024-08-25,5,North,Success
TXN_0000186,CUST_00464,2028.65,2024-01-14,8,East,Success
TXN_0000187,CUST_00660,5923.75,2024-02-14,2,South,Success
TXN_0000188,CUST_00764,2194.81,2024-08-03,5,South,Success
TXN_0000189,CUST_00955,1619.22,2024-08-20,5,South,Success
TXN_0000190,CUST_00403,6278.32,2024-07-11,6,East,Success
TXN_0000191,CUST_00147,1490.33,2024-02-20,2,South,Success
TXN_0000192,CUST_01172,713.24,2024-08-01,2,North,Success
TXN_0000193,CUST_00864,1460.48,2024-05-30,3,South,Success
TXN_0000194,CUST_00489,3623.61,2024-10-01,2,East,Success
TXN_0000195,CUST_00929,6725.29,2024-12-03,5,North,Success
TXN_0000196,CUST_00551,2413.67,2024-03-16,3,West,Success
TXN_0000197,CUST_00338,6339.52,2024-08-07,2,North,Success
TXN_0000198,CUST_00872,745.06,2024-12-13,4,East,Success
TXN_0000199,CUST_00641,1549.04,2024-07-05,3,North,Success
TXN_0000200,CUST_00473,1753.1,2024-10-15,3,South,Success
TXN_0000201,CUST_00151,2014.96,2024-01-28,5,East,Success
TXN_0000202,CUST_00263,2362.03,2024-06-28,6,West,Success
TXN_0000203,CUST_00144,3838.08,2024-09-09,2,South,Success
TXN_0000204,CUST_00346,1547.13,2024-05-05,2,East,Success
TXN_0000205,CUST_00624,2468.15,2024-06-25,5,East,Success
TXN_0000206,CUST_01017,2130.05,2024-02-06,6,West,Success
TXN_0000207,CUST_00881,1052.88,2024-04-08,5,West,Success
TXN_0000208,CUST_00002,2016.4,2024-04-07,3,East,Success
TXN_0000209,CUST_00897,1968.59,2024-05-06,4,West,Success
TXN_0000210,CUST_00254,1935.14,2024-06-16,8,West,Success
TXN_0000211,CUST_00453,2265.18,2024-03-20,3,South,Success
TXN_0000212,CUST_01061,2346.17,2024-10-20,7,East,Success
TXN_0000213,CUST_01184,1562.69,2024-11-28,10,North,Success
TXN_0000214,CUST_01015,6112.99,2024-05-05,5,South,Success
TXN_0000215,CUST_00009,866.46,2024-12-08,5,East,Success
TXN_0000216,CUST_01123,1240.44,2024-11-05,3,East,Success
TXN_0000217,CUST_00816,20413.89,2024-05-29,4,South,Success
TXN_0000218,CUST_00208,962.57,2024-01-16,5,West,Success
TXN_0000219,CUST_01155,747.7,2024-01-28,4,North,Success
TXN_0000220,CUST_00404,3974.21,2024-06-21,3,North,Success
TXN_0000221,CUST_00152,419.18,2024-02-15,2,East,Success
TXN_0000222,CUST_00054,1829.47,2024-11-23,5,East,Success
TXN_0000223,CUST_01144,12291.46,2024-08-23,4,North,Success
TXN_0000224,CUST_00628,641.66,2024-08-01,5,East,Success
TXN_0000225,CUST_00587,452.34,2024-03-25,5,North,Success
TXN_0000226,CUST_00104,665.58,2024-10-08,5,West,Success
TXN_0000227,CUST_00254,4530.95,2024-08-19,5,North,Success
TXN_0000228,CUST_01136,5430.69,2024-03-25,5,North,Success
TXN_0000229,CUST_00510,1465.47,2024-03-05,6,North,Success
TXN_0000230,CUST_00099,3814.52,2024-05-13,2,East,Success
TXN_0000231,CUST_00153,6715.71,2024-05-30,7,West,Success
TXN_0000232,CUST_00914,9226.89,2024-04-24,3,South,Success
TXN_0000233,CUST_00878,1813.35,2024-03-04,3,South,Success
TXN_0000234,CUST_00338,350.31,2024-12-08,6,North,Success
TXN_0000235,CUST_00822,1145.16,2024-12-28,5,East,Success
TXN_0000236,CUST_01187,1569.57,2024-12-17,7,South,Success
TXN_0000237,CUST_00957,1795.16,2024-06-06,8,South,Fail
TXN_0000238,CUST_00161,1900.2,2024-03-17,4,North,Success
TXN_0000239,CUST_00801,5405.19,2024-05-25,1,North,Success
TXN_0000240,CUST_00398,6121.38,2024-12-08,6,East,Success
TXN_0000241,CUST_00816,1924.96,2024-08-12,11,South,Success
TXN_0000242,CUST_01159,5317.66,2024-11-08,10,North,Success
TXN_0000243,CUST_00401,2939.89,2024-04-12,6,West,Success
TXN_0000244,CUST_00640,2325.3,2024-12-12,6,West,Success
TXN_0000245,CUST_01057,4560.72,2024-10-27,4,West,Success
TXN_0000246,CUST_00688,2339.76,2024-03-28,3,North,Success
TXN_0000247,CUST_00460,11455.77,2024-10-29,6,East,Success
TXN_0000248,CUST_00955,698.73,2024-06-16,5,West,Success
TXN_0000249,CUST_00470,1462.44,2024-06-18,5,West,Success
TXN_0000250,CUST_01046,1995.77,2024-05-14,4,West,Success
TXN_0000251,CUST_00750,3138.69,2024-02-19,3,North,Success
TXN_0000252,CUST_00038,6089.79,2024-12-05,4,North,Success
TXN_0000253,CUST_00230,2165.66,2024-12-12,7,North,Success
TXN_0000254,CUST_00563,707.84,2024-05-13,9,West,Success
TXN_0000255,CUST_00438,4332.98,2024-12-12,3,North,Success
TXN_0000256,CUST_00027,4039.87,2024-05-16,3,North,Success
TXN_0000257,CUST_00226,467.09,2024-09-01,3,East,Success
TXN_0000258,CUST_00798,2201.64,2024-04-18,5,North,Success
TXN_0000259,CUST_00284,618.86,2024-11-08,4,South,Success
TXN_0000260,CUST_00879,1297.61,2024-10-13,5,North,Success
TXN_0000261,CUST_00960,1072.51,2024-01-21,6,North,Success
TXN_0000262,CUST_00453,4219.25,2024-03-30,7,South,Success
TXN_0000263,CUST_01020,2424.7,2024-10-22,6,South,Success
TXN_0000264,CUST_00816,789.6,2024-04-21,6,North,Success
TXN_0000265,CUST_00659,4465.13,2024-10-27,6,East,Success
TXN_0000266,CUST_00547,701.31,2024-03-17,5,West,Success
TXN_0000267,CUST_01073,2875.81,2024-06-25,4,South,Fail
TXN_0000268,CUST_00017,1151.47,2024-12-08,5,East,Success
TXN_0000269,CUST_01196,1648.23,2024-05-27,8,North,Success
TXN_0000270,CUST_00158,3305.74,2024-04-10,4,North,Success
TXN_0000271,CUST_00477,3351.49,2024-09-02,6,South,Fail
TXN_0000272,CUST_01070,6435.44,2024-04-26,5,South,Success
TXN_0000273,CUST_00518,2067.71,2024-04-01,5,East,Success
TXN_0000274,CUST_00099,2821.89,2024-01-28,3,North,Success
TXN_0000275,CUST_01061,1555.9,2024-01-25,5,South,Success
TXN_0000276,CUST_00280,2554.45,2024-02-27,7,South,Success
TXN_0000277,CUST_00497,3138.78,2024-10-23,4,West,Success
TXN_0000278,CUST_00302,2041.32,2024-05-13,5,South,Success
TXN_0000279,CUST_00181,521.65,2024-11-26,8,East,Success
TXN_0000280,CUST_00607,2878.94,2024-09-05,5,North,Success
TXN_0000281,CUST_01123,2956.17,2024-02-07,5,South,Success
TXN_0000282,CUST_00700,1281.6,2024-03-15,5,West,Success
TXN_0000283,CUST_00993,790.36,2024-05-21,7,South,Success
TXN_0000284,CUST_01140,7191.85,2024-11-17,6,South,Success
TXN_0000285,CUST_00191,3272.0,2024-06-16,3,North,Success
TXN_0000286,CUST_00253,1838.55,2024-09-15,2,West,Success
TXN_0000287,CUST_00981,889.25,2024-12-20,6,East,Success
TXN_0000288,CUST_00928,1144.3,2024-08-12,4,East,Success
TXN_0000289,CUST_01185,6260.86,2024-05-31,4,North,Success
TXN_0000290,CUST_00128,2465.45,2024-01-19,7,East,Success
TXN_0000291,CUST_00018,1421.59,2024-05-25,4,East,Success
TXN_0000292,CUST_00566,3320.1,2024-08-28,3,South,Success
TXN_0000293,CUST_00570,1151.11,2024-12-09,4,East,Success
TXN_0000294,CUST_00686,7336.92,2024-08-24,3,West,Fail
TXN_0000295,CUST_00626,6517.46,2024-02-04,8,South,Success
TXN_0000296,CUST_00854,1520.42,2024-07-08,4,East,Success
TXN_0000297,CUST_00962,1335.5,2024-01-01,6,West,Success
TXN_0000298,CUST_00155,271.92,2024-06-01,6,South,Fail
TXN_0000299,CUST_00490,675.02,2024-05-05,5,West,Success
TXN_0000300,CUST_00785,756.29,2024-12-10,4,North,Fail
TXN_0000301,CUST_01128,2460.58,2024-08-13,3,North,Success
TXN_0000302,CUST_00246,1701.07,2024-08-08,4,East,Success
TXN_0000303,CUST_01063,752.75,2024-07-29,4,West,Success
TXN_0000304,CUST_00759,1763.52,2024-01-25,6,South,Success
TXN_0000305,CUST_00538,3308.56,2024-01-16,8,West,Success
TXN_0000306,CUST_00921,3368.66,2024-06-30,8,West,Success
TXN_0000307,CUST_00408,483.12,2024-11-24,8,North,Success
TXN_0000308,CUST_00525,1992.99,2024-05-08,6,North,Success
TXN_0000309,CUST_00828,730.21,2024-02-11,5,East,Success
TXN_0000310,CUST_00903,4543.18,2024-12-01,7,West,Success
TXN_0000311,CUST_00036,4135.31,2024-08-23,3,West,Success
TXN_0000312,CUST_00685,1076.62,2024-12-25,5,South,Success
TXN_0000313,CUST_00020,1196.51,2024-02-03,5,South,Success
TXN_0000314,CUST_00321,1526.89,2024-12-10,4,North,Success
TXN_0000315,CUST_00512,364.22,2024-02-14,3,West,Success
TXN_0000316,CUST_00400,2889.31,2024-05-13,4,East,Success
TXN_0000317,CUST_00654,1775.3,2024-01-21,8,North,Success
TXN_0000318,CUST_00972,4798.89,2024-05-01,2,West,Success
TXN_0000319,CUST_00471,917.15,2024-03-10,1,North,Success
TXN_0000320,CUST_01167,1345.74,2024-12-17,6,East,Success
TXN_0000321,CUST_01116,661.68,2024-12-26,5,West,Success
TXN_0000322,CUST_00834,988.87,2024-02-17,7,East,Success
TXN_0000323,CUST_00727,857.84,2024-02-08,3,West,Success
TXN_0000324,CUST_00854,4898.96,2024-10-13,4,West,Success
TXN_0000325,CUST_00051,1263.18,2024-01-10,5,East,Success
TXN_0000326,CUST_00575,2438.99,2024-01-30,2,South,Success
TXN_0000327,CUST_01149,1628.46,2024-08-31,2,East,Success
TXN_0000328,CUST_00150,799.85,2024-09-30,5,East,Success
TXN_0000329,CUST_00314,1930.16,2024-03-28,4,North,Fail
TXN_0000330,CUST_00570,3566.3,2024-08-31,6,East,Success
TXN_0000331,CUST_00305,840.33,2024-11-24,5,East,Success
TXN_0000332,CUST_00682,4218.73,2024-01-15,8,North,Success
TXN_0000333,CUST_00838,1119.04,2024-01-04,4,South,Success
TXN_0000334,CUST_01078,1500.59,2024-07-09,2,East,Success
TXN_0000335,CUST_01003,3376.34,2024-06-16,7,North,Success
TXN_0000336,CUST_00444,1298.87,2024-01-09,2,South,Success
TXN_0000337,CUST_00613,2275.74,2024-04-18,3,South,Success
TXN_0000338,CUST_00993,1716.85,2024-05-16,2,East,Success
TXN_0000339,CUST_00264,2449.15,2024-06-02,5,South,Success
TXN_0000340,CUST_01077,328.79,2024-07-27,3,East,Success
TXN_0000341,CUST_01004,510.94,2024-09-28,6,South,Success
TXN_0000342,CUST_00005,3614.73,2024-05-22,4,South,Success
TXN_0000343,CUST_01127,5063.16,2024-04-08,5,South,Fail
TXN_0000344,CUST_00774,1065.94,2024-11-03,7,East,Success
TXN_0000345,CUST_00877,1816.7,2024-03-09,4,South,Success
TXN_0000346,CUST_00992,2795.53,2024-09-03,3,West,Success
TXN_0000347,CUST_00884,3845.17,2024-09-17,4,North,Success
TXN_0000348,CUST_00047,436.09,2024-10-02,5,North,Success
TXN_0000349,CUST_00867,1086.99,2024-03-19,4,West,Success
TXN_0000350,CUST_00823,1692.46,2024-05-25,5,South,Success
TXN_0000351,CUST_00936,3875.82,2024-04-20,5,West,Success
TXN_0000352,CUST_00656,16297.13,2024-09-14,4,East,Success
TXN_0000353,CUST_00269,1840.14,2024-04-02,3,North,Success
TXN_0000354,CUST_00370,716.53,2024-01-13,6,South,Fail
TXN_0000355,CUST_00636,3046.7,2024-09-16,7,North,Success
TXN_0000356,CUST_01130,6353.73,2024-04-18,6,West,Success
TXN_0000357,CUST_00657,2407.66,2024-11-25,5,West,Success
TXN_0000358,CUST_00120,1069.22,2024-07-07,3,North,Success
TXN_0000359,CUST_00831,4752.35,2024-04-04,5,North,Success
TXN_0000360,CUST_01082,3754.97,2024-04-14,6,North,Success
TXN_0000361,CUST_00741,971.79,2024-01-08,2,North,Success
TXN_0000362,CUST_00117,2996.32,2024-03-07,6,West,Success
TXN_0000363,CUST_00791,4904.03,2024-07-09,2,South,Success
TXN_0000364,CUST_01151,5684.58,2024-09-12,2,North,Success
TXN_0000365,CUST_01013,2094.02,2024-01-09,4,South,Success
TXN_0000366,CUST_01082,1658.28,2024-04-26,5,North,Success
TXN_0000367,CUST_00634,5894.76,2024-09-23,7,East,Success
TXN_0000368,CUST_00513,838.72,2024-04-08,2,South,Success
TXN_0000369,CUST_00802,3136.5,2024-10-24,4,East,Success
TXN_0000370,CUST_01120,738.03,2024-06-12,4,West,Success
TXN_0000371,CUST_01142,5178.66,2024-05-20,6,East,Success
TXN_0000372,CUST_00560,1796.44,2024-09-24,9,West,Success
TXN_0000373,CUST_00488,6092.82,2024-02-06,2,North,Success
TXN_0000374,CUST_00897,3271.91,2024-03-14,5,West,Success
TXN_0000375,CUST_00704,830.0,2024-03-13,2,North,Success
TXN_0000376,CUST_00581,6902.94,2024-11-03,3,North,Success
TXN_0000377,CUST_00790,7638.8,2024-07-17,2,North,Success
TXN_0000378,CUST_00861,4473.07,2024-05-09,4,West,Success
TXN_0000379,CUST_00247,1200.78,2024-09-02,4,North,Success
TXN_0000380,CUST_01100,1728.81,2024-11-07,7,East,Success
TXN_0000381,CUST_00154,2480.81,2024-02-29,3,East,Success
TXN_0000382,CUST_00997,1257.69,2024-10-05,5,North,Success
TXN_0000383,CUST_01110,8551.63,2024-04-12,6,North,Fail
TXN_0000384,CUST_00697,2478.63,2024-10-22,6,South,Success
TXN_0000385,CUST_01093,254.0,2024-11-15,8,West,Fail
TXN_0000386,CUST_01071,2897.16,2024-12-06,8,South,Success
TXN_0000387,CUST_01009,1671.5,2024-05-30,8,East,Success
TXN_0000388,CUST_00094,2079.87,2024-06-05,5,West,Fail
TXN_0000389,CUST_00958,1644.36,2024-07-24,1,East,Success
TXN_0000390,CUST_01012,4211.77,2024-06-27,2,West,Success
TXN_0000391,CUST_00453,5408.63,2024-07-15,4,West,Success
TXN_0000392,CUST_00912,2769.56,2024-08-10,3,West,Success
TXN_0000393,CUST_00218,1683.37,2024-03-29,5,East,Success
TXN_0000394,CUST_00474,2136.51,2024-10-13,8,North,Success
TXN_0000395,CUST_00432,2243.25,2024-10-02,8,East,Success
TXN_0000396,CUST_00341,1162.18,2024-08-23,8,West,Success
TXN_0000397,CUST_00551,3509.2,2024-07-01,3,East,Success
TXN_0000398,CUST_00357,3190.82,2024-07-27,6,East,Success
TXN_0000399,CUST_00023,7573.06,2024-05-09,10,South,Success
TXN_0000400,CUST_00522,6028.66,2024-06-01,2,West,Success
TXN_0000401,CUST_01124,1275.97,2024-01-13,2,East,Success
TXN_0000402,CUST_00802,4256.65,2024-05-01,2,West,Success
TXN_0000403,CUST_00762,1031.98,2024-12-24,3,East,Success
TXN_0000404,CUST_00442,3853.53,2024-08-07,2,South,Success
TXN_0000405,CUST_00769,1460.75,2024-04-15,7,East,Success
TXN_0000406,CUST_01016,973.99,2024-03-10,3,North,Success
TXN_0000407,CUST_00516,2762.9,2024-07-13,7,West,Success
TXN_0000408,CUST_01040,259.91,2024-07-04,10,South,Success
TXN_0000409,CUST_00792,544.15,2024-04-08,5,East,Success
TXN_0000410,CUST_00336,1916.02,2024-03-22,2,South,Success
TXN_0000411,CUST_00258,2358.91,2024-03-15,5,East,Success
TXN_0000412,CUST_00497,1643.44,2024-12-05,3,West,Fail
TXN_0000413,CUST_00896,624.19,2024-07-10,8,East,Success
TXN_0000414,CUST_00160,1147.9,2024-11-20,6,South,Success
TXN_0000415,CUST_00852,3019.87,2024-08-01,8,North,Success
TXN_0000416,CUST_00690,3517.22,2024-11-10,6,South,Success
TXN_0000417,CUST_00380,2179.87,2024-11-13,6,North,Success
TXN_0000418,CUST_00957,5571.76,2024-05-23,8,North,Success
TXN_0000419,CUST_00691,3034.85,2024-08-03,4,West,Success
TXN_0000420,CUST_01192,1214.44,2024-12-26,4,South,Success
TXN_0000421,CUST_01067,1764.46,2024-11-19,7,East,Success
TXN_0000422,CUST_00285,718.89,2024-01-15,4,North,Success
TXN_0000423,CUST_00397,2025.33,2024-08-04,7,South,Success
TXN_0000424,CUST_00012,5375.9,2024-02-04,5,West,Success
TXN_0000425,CUST_00499,3820.86,2024-07-01,7,East,Success
TXN_0000426,CUST_00754,6779.15,2024-09-26,6,East,Success
TXN_0000427,CUST_00035,1733.14,2024-12-23,8,East,Success
TXN_0000428,CUST_00727,6482.62,2024-04-09,6,South,Success
TXN_0000429,CUST_00849,1891.94,2024-01-07,5,South,Success
TXN_0000430,CUST_00090,7167.18,2024-01-30,8,East,Success
TXN_0000431,CUST_00776,2170.07,2024-10-31,4,West,Success
TXN_0000432,CUST_00605,3888.52,2024-05-23,3,East,Fail
TXN_0000433,CUST_00970,7187.44,2024-04-20,5,East,Success
TXN_0000434,CUST_01022,1891.75,2024-08-19,7,West,Fail
TXN_0000435,CUST_00418,2629.93,2024-06-27,6,West,Success
TXN_0000436,CUST_00115,6192.48,2024-03-12,3,West,Success
TXN_0000437,CUST_00617,1985.44,2024-07-28,2,East,Success
TXN_0000438,CUST_00826,767.61,2024-08-07,4,West,Success
TXN_0000439,CUST_01099,12263.78,2024-03-20,9,South,Success
TXN_0000440,CUST_00413,1516.54,2024-03-23,8,West,Success
TXN_0000441,CUST_00729,2507.41,2024-02-11,4,East,Fail
TXN_0000442,CUST_01021,5568.08,2024-09-29,5,North,Success
TXN_0000443,CUST_00761,1357.24,2024-07-09,4,North,Success
TXN_0000444,CUST_00676,986.05,2024-06-21,1,South,Success
TXN_0000445,CUST_00457,2705.36,2024-01-07,5,North,Success
TXN_0000446,CUST_00920,526.13,2024-06-03,6,North,Success
TXN_0000447,CUST_00192,1754.04,2024-01-10,6,North,Fail
TXN_0000448,CUST_00739,2686.6,2024-02-03,4,South,Success
TXN_0000449,CUST_01123,1779.41,2024-02-05,3,North,Success
TXN_0000450,CUST_00978,642.42,2024-01-06,5,East,Success
TXN_0000451,CUST_01009,7905.72,2024-08-02,8,North,Success
TXN_0000452,CUST_00096,2399.06,2024-05-13,1,West,Success
TXN_0000453,CUST_00663,6939.06,2024-10-11,9,North,Success
TXN_0000454,CUST_00037,1793.58,2024-05-05,4,North,Success
TXN_0000455,CUST_00279,1092.24,2024-12-02,7,East,Success
TXN_0000456,CUST_00217,2738.99,2024-06-22,3,South,Fail
TXN_0000457,CUST_00867,1858.21,2024-05-31,2,South,Success
TXN_0000458,CUST_00873,860.74,2024-11-26,5,North,Success
TXN_0000459,CUST_00062,7156.87,2024-01-26,6,East,Success
TXN_0000460,CUST_00596,1342.36,2024-04-24,1,North,Success
TXN_0000461,CUST_00729,506.63,2024-10-10,5,South,Success
TXN_0000462,CUST_00397,6390.28,2024-03-15,5,South,Success
TXN_0000463,CUST_00699,1475.22,2024-06-14,3,West,Success
TXN_0000464,CUST_01043,1357.96,2024-07-07,5,West,Success
TXN_0000465,CUST_00177,537.91,2024-03-18,4,East,Success
TXN_0000466,CUST_00396,8890.63,2024-03-30,3,East,Success
TXN_0000467,CUST_00445,787.15,2024-06-24,4,South,Success
TXN_0000468,CUST_00076,2314.06,2024-01-21,5,South,Success
TXN_0000469,CUST_00265,4582.94,2024-02-23,8,South,Success
TXN_0000470,CUST_00455,3094.48,2024-07-02,6,North,Success
TXN_0000471,CUST_00718,2105.43,2024-12-24,8,West,Success
TXN_0000472,CUST_00735,566.04,2024-08-09,5,West,Success
TXN_0000473,CUST_00851,1155.42,2024-11-10,5,South,Success
TXN_0000474,CUST_00144,2566.35,2024-11-23,7,South,Success
TXN_0000475,CUST_00885,1176.45,2024-06-27,5,West,Success
TXN_0000476,CUST_01093,2598.49,2024-10-02,7,East,Success
TXN_0000477,CUST_01123,3810.04,2024-04-21,3,South,Success
TXN_0000478,CUST_00396,4769.53,2024-08-11,6,South,Success
TXN_0000479,CUST_01049,828.04,2024-08-01,4,East,Success
TXN_0000480,CUST_00948,12801.49,2024-02-28,3,South,Success
TXN_0000481,CUST_00891,4080.54,2024-11-22,4,West,Success
TXN_0000482,CUST_01175,2205.32,2024-04-18,5,West,Success
TXN_0000483,CUST_01168,5279.72,2024-06-05,2,East,Success
TXN_0000484,CUST_00569,14651.91,2024-07-09,6,West,Fail
TXN_0000485,CUST_01063,698.56,2024-07-18,7,East,Success
TXN_0000486,CUST_00109,1844.18,2024-11-07,2,East,Success
TXN_0000487,CUST_01066,329.39,2024-07-14,3,West,Success
TXN_0000488,CUST_00935,2576.33,2024-02-04,3,East,Success
TXN_0000489,CUST_00398,2958.14,2024-09-02,6,West,Success
TXN_0000490,CUST_00634,2140.23,2024-08-24,5,East,Success
TXN_0000491,CUST_01157,1308.16,2024-04-13,5,East,Success
TXN_0000492,CUST_01187,428.54,2024-01-07,6,East,Fail
TXN_0000493,CUST_00733,2977.46,2024-10-09,7,West,Success
TXN_0000494,CUST_00235,7075.18,2024-01-01,6,South,Fail
TXN_0000495,CUST_00658,1376.34,2024-08-06,5,North,Success
TXN_0000496,CUST_00751,3140.22,2024-08-17,3,South,Success
TXN_0000497,CUST_00588,629.85,2024-06-20,7,East,Success
TXN_0000498,CUST_01033,3183.61,2024-03-27,3,West,Success
TXN_0000499,CUST_01098,1612.1,2024-02-10,5,East,Success
TXN_0000500,CUST_00954,1199.99,2024-05-02,5,South,Success
TXN_0000501,CUST_00492,1201.96,2024-11-26,10,North,Success
TXN_0000502,CUST_00913,1611.81,2024-10-24,4,South,Success
TXN_0000503,CUST_01198,2998.74,2024-06-26,5,West,Success
TXN_0000504,CUST_01192,772.99,2024-03-03,7,West,Success
TXN_0000505,CUST_00170,1607.29,2024-06-13,2,South,Success
TXN_0000506,CUST_00946,2136.28,2024-07-05,7,South,Success
TXN_0000507,CUST_00795,916.69,2024-07-27,6,North,Fail
TXN_0000508,CUST_00634,9295.93,2024-08-14,7,East,Success
TXN_0000509,CUST_00029,1115.66,2024-02-17,5,West,Success
TXN_0000510,CUST_01189,1292.65,2024-08-11,4,West,Success
TXN_0000511,CUST_00339,1009.64,2024-01-03,5,North,Success
TXN_0000512,CUST_00500,9309.44,2024-06-23,7,West,Success
TXN_0000513,CUST_00511,3436.9,2024-04-08,4,West,Fail
TXN_0000514,CUST_00217,1043.91,2024-04-25,4,South,Success
TXN_0000515,CUST_01156,5350.71,2024-09-26,7,South,Success
TXN_0000516,CUST_01094,2592.97,2024-09-09,5,North,Success
TXN_0000517,CUST_00445,2712.98,2024-11-12,2,West,Success
TXN_0000518,CUST_00876,1676.42,2024-04-04,6,North,Success
TXN_0000519,CUST_00167,1212.53,2024-09-29,2,East,Success
TXN_0000520,CUST_00091,2893.47,2024-01-24,5,East,Success
TXN_0000521,CUST_00714,1427.86,2024-04-25,6,North,Success
TXN_0000522,CUST_00039,9446.55,2024-05-30,7,West,Fail
TXN_0000523,CUST_01150,799.96,2024-12-03,2,East,Success
TXN_0000524,CUST_00173,7547.15,2024-02-19,5,West,Success
TXN_0000525,CUST_00653,2020.19,2024-07-24,5,South,Success
TXN_0000526,CUST_00754,2805.31,2024-11-30,6,North,Success
TXN_0000527,CUST_01082,4300.67,2024-03-19,4,East,Success
TXN_0000528,CUST_00476,1333.82,2024-03-10,3,West,Success
TXN_0000529,CUST_00456,4408.98,2024-01-27,6,South,Success
TXN_0000530,CUST_00829,253.15,2024-09-27,8,North,Success
TXN_0000531,CUST_00895,1241.42,2024-02-19,4,East,Success
TXN_0000532,CUST_01025,1054.42,2024-10-18,6,South,Success
TXN_0000533,CUST_00387,810.13,2024-09-03,4,North,Fail
TXN_0000534,CUST_00348,1859.45,2024-09-20,2,East,Success
TXN_0000535,CUST_00190,3006.7,2024-03-19,12,West,Success
TXN_0000536,CUST_00505,3874.33,2024-07-08,5,South,Success
TXN_0000537,CUST_00824,2677.67,2024-02-16,7,South,Success
TXN_0000538,CUST_00929,1296.53,2024-12-26,4,West,Success
TXN_0000539,CUST_00934,2966.72,2024-12-19,5,South,Success
TXN_0000540,CUST_01141,2439.21,2024-12-17,9,South,Success
TXN_0000541,CUST_00134,4669.68,2024-07-07,6,North,Success
TXN_0000542,CUST_00058,4111.53,2024-09-12,3,West,Success
TXN_0000543,CUST_00685,2262.85,2024-08-09,8,South,Success
TXN_0000544,CUST_00672,1077.28,2024-08-28,5,West,Success
TXN_0000545,CUST_00173,1309.81,2024-09-25,2,North,Success
TXN_0000546,CUST_00815,1422.5,2024-01-01,11,North,Success
TXN_0000547,CUST_01173,1716.06,2024-02-03,6,West,Success
TXN_0000548,CUST_00080,2736.51,2024-03-19,3,West,Success
TXN_0000549,CUST_00886,3913.31,2024-08-23,4,East,Success
TXN_0000550,CUST_00203,2119.86,2024-11-29,3,North,Success
TXN_0000551,CUST_00764,2237.02,2024-12-14,3,South,Success
TXN_0000552,CUST_00047,2476.61,2024-04-07,3,North,Success
TXN_0000553,CUST_01167,1461.58,2024-03-22,6,North,Success
TXN_0000554,CUST_00656,1053.3,2024-07-10,6,East,Success
TXN_0000555,CUST_00471,542.21,2024-09-09,8,West,Success
TXN_0000556,CUST_00971,1266.33,2024-02-07,6,North,Success
TXN_0000557,CUST_01036,3224.45,2024-01-14,5,East,Fail
TXN_0000558,CUST_00736,1258.49,2024-12-12,6,West,Success
TXN_0000559,CUST_00784,1825.77,2024-11-05,4,North,Success
TXN_0000560,CUST_00968,3207.17,2024-07-27,5,East,Success
TXN_0000561,CUST_00358,3349.45,2024-12-22,5,North,Success
TXN_0000562,CUST_00972,931.11,2024-03-29,7,South,Success
TXN_0000563,CUST_00668,4903.22,2024-02-25,3,West,Success
TXN_0000564,CUST_00373,5441.88,2024-04-03,5,West,Success
TXN_0000565,CUST_01032,894.37,2024-04-02,5,North,Success
TXN_0000566,CUST_01146,1142.45,2024-12-05,5,East,Success
TXN_0000567,CUST_00676,5726.57,2024-03-25,6,East,Success
TXN_0000568,CUST_00090,1963.57,2024-09-01,3,South,Success
TXN_0000569,CUST_00698,373.97,2024-01-22,7,South,Success
TXN_0000570,CUST_00540,720.72,2024-10-17,4,East,Success
TXN_0000571,CUST_00732,1808.95,2024-09-28,4,West,Success
TXN_0000572,CUST_00869,870.93,2024-11-01,2,South,Success
TXN_0000573,CUST_00041,1586.46,2024-05-01,4,North,Success
TXN_0000574,CUST_00740,2266.33,2024-05-07,4,North,Success
TXN_0000575,CUST_00502,7113.88,2024-04-22,4,West,Success
TXN_0000576,CUST_00959,1750.47,2024-09-29,6,West,Success
TXN_0000577,CUST_01169,5208.43,2024-12-01,6,South,Success
TXN_0000578,CUST_00929,6925.8,2024-05-09,10,North,Success
TXN_0000579,CUST_00461,6956.61,2024-05-11,7,West,Success
TXN_0000580,CUST_00732,2773.33,2024-03-25,4,North,Success
TXN_0000581,CUST_00752,459.15,2024-12-15,7,South,Success
TXN_0000582,CUST_00925,3192.82,2024-03-21,5,West,Success
TXN_0000583,CUST_00909,5108.8,2024-11-20,4,East,Success
TXN_0000584,CUST_00390,2069.67,2024-03-09,5,North,Success
TXN_0000585,CUST_00883,8916.57,2024-05-27,11,West,Success
TXN_0000586,CUST_00256,4393.44,2024-01-16,4,South,Success
TXN_0000587,CUST_00709,3479.41,2024-11-02,5,East,Success
TXN_0000588,CUST_00450,5266.41,2024-04-14,4,West,Success
TXN_0000589,CUST_00010,2883.31,2024-06-13,8,North,Success
TXN_0000590,CUST_00824,300.59,2024-07-19,5,North,Success
TXN_0000591,CUST_00798,1481.32,2024-07-15,6,South,Success
TXN_0000592,CUST_00877,5754.48,2024-07-03,5,North,Success
TXN_0000593,CUST_01029,1157.39,2024-11-17,4,East,Success
TXN_0000594,CUST_01143,1846.82,2024-09-21,2,South,Success
TXN_0000595,CUST_01016,957.31,2024-12-28,5,South,Success
TXN_0000596,CUST_00374,9201.65,2024-04-09,2,West,Success
TXN_0000597,CUST_01089,8477.7,2024-12-07,4,South,Success
TXN_0000598,CUST_00146,1088.88,2024-11-15,9,West,Success
TXN_0000599,CUST_00224,2484.53,2024-08-01,4,South,Success
TXN_0000600,CUST_00177,1281.27,2024-10-04,7,West,Success
TXN_0000601,CUST_00853,3611.78,2024-06-10,6,West,Success
TXN_0000602,CUST_00063,3320.09,2024-06-05,8,West,Success
TXN_0000603,CUST_00827,4227.49,2024-09-07,4,East,Fail
TXN_0000604,CUST_00795,2879.97,2024-04-06,4,West,Success
TXN_0000605,CUST_00689,23117.03,2024-01-18,10,East,Success
TXN_0000606,CUST_00105,970.35,2024-11-22,4,West,Success
TXN_0000607,CUST_01123,562.01,2024-04-06,6,West,Success
TXN_0000608,CUST_00511,1612.48,2024-01-01,6,East,Success
TXN_0000609,CUST_00385,629.93,2024-08-03,11,East,Success
TXN_0000610,CUST_00405,669.16,2024-05-11,6,East,Success
TXN_0000611,CUST_00823,991.23,2024-09-16,9,East,Success
TXN_0000612,CUST_00518,1056.01,2024-05-04,11,West,Success
TXN_0000613,CUST_00476,1028.96,2024-03-22,3,West,Success
TXN_0000614,CUST_00709,3342.84,2024-10-09,2,South,Success
TXN_0000615,CUST_00771,1472.99,2024-06-19,8,South,Success
TXN_0000616,CUST_01047,1912.92,2024-02-28,3,West,Success
TXN_0000617,CUST_00997,4516.02,2024-02-01,3,South,Success
TXN_0000618,CUST_00677,1196.24,2024-06-09,4,East,Success
TXN_0000619,CUST_00714,1787.12,2024-10-10,4,South,Success
TXN_0000620,CUST_00083,2959.0,2024-04-15,5,East,Success
TXN_0000621,CUST_01169,467.19,2024-04-14,3,West,Success
TXN_0000622,CUST_01109,327.69,2024-08-15,7,South,Success
TXN_0000623,CUST_01102,2912.87,2024-07-06,4,East,Success
TXN_0000624,CUST_00457,3273.49,2024-03-10,5,West,Success
TXN_0000625,CUST_00001,11514.66,2024-11-13,7,West,Success
TXN_0000626,CUST_00051,2506.08,2024-10-16,4,East,Success
TXN_0000627,CUST_00685,4254.75,2024-03-27,8,East,Success
TXN_0000628,CUST_00717,1888.66,2024-12-27,3,West,Success
TXN_0000629,CUST_00449,2801.14,2024-02-25,4,North,Success
TXN_0000630,CUST_00881,8381.7,2024-04-22,7,North,Success
TXN_0000631,CUST_00488,403.75,2024-01-13,3,East,Success
TXN_0000632,CUST_00034,3074.49,2024-01-18,9,South,Success
TXN_0000633,CUST_00095,12191.2,2024-06-30,5,East,Success
TXN_0000634,CUST_01096,2767.3,2024-04-22,5,West,Success
TXN_0000635,CUST_00154,8270.57,2024-08-16,4,East,Success
TXN_0000636,CUST_00250,1334.92,2024-06-19,5,North,Fail
TXN_0000637,CUST_00674,2152.45,2024-10-21,6,East,Success
TXN_0000638,CUST_00438,2268.38,2024-07-07,10,North,Success
TXN_0000639,CUST_00118,374.63,2024-03-19,3,South,Success
TXN_0000640,CUST_00771,867.36,2024-05-25,3,South,Success
TXN_0000641,CUST_00268,918.28,2024-06-30,2,South,Success
TXN_0000642,CUST_01078,4262.68,2024-10-12,7,East,Success
TXN_0000643,CUST_00236,4436.95,2024-09-06,6,North,Success
TXN_0000644,CUST_00389,2861.87,2024-12-19,2,East,Success
TXN_0000645,CUST_00990,4269.63,2024-11-09,6,South,Success
TXN_0000646,CUST_00763,1936.58,2024-07-14,5,East,Success
TXN_0000647,CUST_00401,5776.45,2024-11-18,2,North,Success
TXN_0000648,CUST_00624,2223.93,2024-03-11,3,West,Success
TXN_0000649,CUST_00767,2312.98,2024-09-04,7,North,Success
TXN_0000650,CUST_00919,1785.63,2024-05-25,7,South,Success
TXN_0000651,CUST_00853,3818.3,2024-04-15,4,South,Success
TXN_0000652,CUST_00578,1576.62,2024-09-19,6,South,Success
TXN_0000653,CUST_00075,4822.97,2024-10-22,7,East,Success
TXN_0000654,CUST_00435,892.73,2024-03-10,2,North,Success
TXN_0000655,CUST_00103,916.78,2024-07-11,7,East,Success
TXN_0000656,CUST_00764,3827.4,2024-03-08,6,South,Success
TXN_0000657,CUST_00738,2057.33,2024-10-31,9,North,Fail
TXN_0000658,CUST_00806,1535.92,2024-02-21,8,West,Success
TXN_0000659,CUST_00098,4500.96,2024-12-28,6,South,Success
TXN_0000660,CUST_00798,1358.57,2024-10-11,4,North,Success
TXN_0000661,CUST_00859,1881.53,2024-11-29,2,North,Success
TXN_0000662,CUST_00435,6764.09,2024-01-09,7,South,Success
TXN_0000663,CUST_00447,7565.2,2024-09-07,4,West,Success
TXN_0000664,CUST_00249,7769.17,2024-11-27,2,North,Success
TXN_0000665,CUST_00166,1762.17,2024-10-24,6,North,Success
TXN_0000666,CUST_00984,5910.95,2024-07-02,3,West,Success
TXN_0000667,CUST_01020,1033.64,2024-06-27,7,South,Success
TXN_0000668,CUST_00542,1069.0,2024-07-16,3,North,Success
TXN_0000669,CUST_00759,336.85,2024-05-07,5,South,Success
TXN_0000670,CUST_01130,8419.41,2024-01-20,3,East,Fail
TXN_0000671,CUST_00081,1106.34,2024-11-23,4,East,Success
TXN_0000672,CUST_00133,1995.75,2024-03-05,3,West,Success
TXN_0000673,CUST_00797,1066.08,2024-06-30,4,South,Success
TXN_0000674,CUST_00900,3851.17,2024-08-28,2,North,Success
TXN_0000675,CUST_00138,1635.16,2024-01-24,6,West,Success
TXN_0000676,CUST_00184,777.55,2024-03-23,2,East,Success
TXN_0000677,CUST_00785,3144.25,2024-11-14,6,South,Success
TXN_0000678,CUST_00984,701.36,2024-07-03,5,West,Success
TXN_0000679,CUST_00069,1130.12,2024-11-11,5,West,Success
TXN_0000680,CUST_00546,409.32,2024-04-08,3,South,Success
TXN_0000681,CUST_00053,706.86,2024-03-02,6,North,Success
TXN_0000682,CUST_00205,2547.39,2024-10-12,4,North,Success
TXN_0000683,CUST_00126,458.69,2024-01-22,6,North,Success
TXN_0000684,CUST_00043,675.25,2024-07-30,3,South,Success
TXN_0000685,CUST_00111,2204.17,2024-05-05,9,East,Success
TXN_0000686,CUST_00761,1429.55,2024-02-11,8,West,Success
TXN_0000687,CUST_00848,10868.56,2024-04-07,7,South,Success
TXN_0000688,CUST_00095,9576.98,2024-01-31,10,North,Success
TXN_0000689,CUST_00900,1102.86,2024-06-06,5,North,Success
TXN_0000690,CUST_00360,3448.55,2024-04-21,5,West,Success
TXN_0000691,CUST_00900,4021.56,2024-09-03,6,West,Success
TXN_0000692,CUST_00281,1369.25,2024-05-01,10,West,Success
TXN_0000693,CUST_00667,667.52,2024-09-29,3,West,Success
TXN_0000694,CUST_00093,2186.73,2024-10-20,2,West,Success
TXN_0000695,CUST_00672,1923.16,2024-07-25,4,South,Success
TXN_0000696,CUST_00061,1558.36,2024-04-19,6,North,Success
TXN_0000697,CUST_00634,3145.89,2024-10-04,5,North,Success
TXN_0000698,CUST_01075,1211.26,2024-02-25,4,South,Success
TXN_0000699,CUST_01029,878.66,2024-02-26,5,East,Success
TXN_0000700,CUST_00604,2409.72,2024-10-17,2,North,Success
TXN_0000701,CUST_00682,3007.23,2024-04-23,3,East,Fail
TXN_0000702,CUST_00534,861.51,2024-11-03,3,East,Success
TXN_0000703,CUST_00838,4640.01,2024-12-06,6,East,Success
TXN_0000704,CUST_00645,535.72,2024-07-16,4,East,Success
TXN_0000705,CUST_00233,1390.63,2024-11-16,11,North,Success
TXN_0000706,CUST_00524,1796.5,2024-06-27,5,North,Success
TXN_0000707,CUST_00346,1327.46,2024-08-06,5,South,Success
TXN_0000708,CUST_01070,1405.22,2024-10-03,5,North,Success
TXN_0000709,CUST_00546,9866.1,2024-01-16,5,South,Success
TXN_0000710,CUST_01102,1118.0,2024-03-01,5,East,Success
TXN_0000711,CUST_01097,15568.07,2024-02-23,5,South,Success
TXN_0000712,CUST_00794,3132.86,2024-06-16,7,South,Success
TXN_0000713,CUST_00249,2377.12,2024-01-26,2,North,Success
TXN_0000714,CUST_00047,3232.44,2024-12-01,6,South,Success
TXN_0000715,CUST_01145,16713.0,2024-03-05,3,East,Success
TXN_0000716,CUST_00214,997.37,2024-04-09,7,North,Success
TXN_0000717,CUST_00239,901.14,2024-03-14,7,North,Success
TXN_0000718,CUST_01080,1207.26,2024-07-10,3,North,Success
TXN_0000719,CUST_00350,2265.87,2024-06-19,6,West,Success
TXN_0000720,CUST_00107,555.23,2024-09-29,5,East,Success
TXN_0000721,CUST_00831,2248.17,2024-07-05,3,South,Success
TXN_0000722,CUST_00048,8559.85,2024-01-23,6,West,Success
TXN_0000723,CUST_00337,2492.71,2024-06-29,5,North,Fail
TXN_0000724,CUST_01050,1747.34,2024-11-22,5,West,Success
TXN_0000725,CUST_00804,1346.78,2024-04-17,5,West,Success
TXN_0000726,CUST_00008,4531.5,2024-11-30,5,South,Success
TXN_0000727,CUST_00625,1140.63,2024-06-10,5,East,Success
TXN_0000728,CUST_00719,9673.22,2024-10-28,4,West,Success
TXN_0000729,CUST_00303,10370.16,2024-07-24,4,East,Success
TXN_0000730,CUST_00639,2711.89,2024-03-18,5,East,Success
TXN_0000731,CUST_00056,2188.1,2024-01-16,4,North,Success
TXN_0000732,CUST_00726,5036.81,2024-11-22,5,North,Success
TXN_0000733,CUST_00526,5302.0,2024-04-05,3,South,Success
TXN_0000734,CUST_00474,1158.88,2024-05-26,7,South,Success
TXN_0000735,CUST_00028,1449.18,2024-01-02,4,West,Success
TXN_0000736,CUST_00078,766.72,2024-01-10,4,North,Success
TXN_0000737,CUST_00365,3063.31,2024-05-04,2,East,Fail
TXN_0000738,CUST_00666,3764.24,2024-03-21,3,East,Success
TXN_0000739,CUST_00526,749.99,2024-05-19,5,West,Success
TXN_0000740,CUST_00699,1534.32,2024-11-21,4,North,Success
TXN_0000741,CUST_00883,751.59,2024-05-29,7,South,Success
TXN_0000742,CUST_01031,1075.95,2024-10-14,5,West,Success
TXN_0000743,CUST_01027,3431.71,2024-12-26,4,East,Success
TXN_0000744,CUST_00919,1228.09,2024-12-05,2,North,Success
TXN_0000745,CUST_00750,1736.0,2024-05-08,6,South,Fail
TXN_0000746,CUST_00363,600.73,2024-08-26,5,South,Success
TXN_0000747,CUST_00806,2564.69,2024-02-27,4,East,Success
TXN_0000748,CUST_00739,2131.5,2024-07-16,4,East,Success
TXN_0000749,CUST_01039,1232.54,2024-07-29,4,East,Success
TXN_0000750,CUST_00485,1898.44,2024-02-14,5,East,Fail
TXN_0000751,CUST_00028,2550.99,2024-04-06,6,South,Success
TXN_0000752,CUST_00714,1150.68,2024-10-05,7,North,Success
TXN_0000753,CUST_01063,677.89,2024-01-23,7,South,Success
TXN_0000754,CUST_00086,9362.42,2024-11-30,4,East,Success
TXN_0000755,CUST_00126,1330.6,2024-02-13,3,North,Success
TXN_0000756,CUST_00812,2043.85,2024-01-27,2,South,Success
TXN_0000757,CUST_00537,4957.57,2024-10-08,7,North,Success
TXN_0000758,CUST_00145,37169.51,2024-04-06,6,South,Success
TXN_0000759,CUST_00025,816.0,2024-02-05,4,North,Success
TXN_0000760,CUST_00067,3164.85,2024-04-18,7,South,Success
TXN_0000761,CUST_00233,1253.83,2024-02-24,5,South,Success
TXN_0000762,CUST_00109,1435.07,2024-07-10,4,West,Success
TXN_0000763,CUST_01170,1241.2,2024-08-06,7,East,Success
TXN_0000764,CUST_00111,897.38,2024-07-03,2,West,Success
TXN_0000765,CUST_00228,2136.59,2024-03-09,4,South,Success
TXN_0000766,CUST_00111,678.85,2024-11-12,4,East,Fail
TXN_0000767,CUST_00034,4710.01,2024-05-09,6,South,Success
TXN_0000768,CUST_00623,2307.69,2024-02-24,3,West,Success
TXN_0000769,CUST_00748,3096.25,2024-04-06,7,North,Success
TXN_0000770,CUST_00595,1520.89,2024-12-01,8,North,Success
TXN_0000771,CUST_00425,1646.22,2024-03-27,5,East,Success
TXN_0000772,CUST_00613,2779.57,2024-10-20,4,West,Success
TXN_0000773,CUST_00692,870.23,2024-04-28,5,West,Success
TXN_0000774,CUST_00315,1658.4,2024-07-26,3,South,Fail
TXN_0000775,CUST_00877,1110.22,2024-11-29,7,East,Success
TXN_0000776,CUST_00662,1083.06,2024-06-02,2,North,Success
TXN_0000777,CUST_00277,408.35,2024-02-04,4,West,Success
TXN_0000778,CUST_00624,6447.59,2024-03-19,4,South,Success
TXN_0000779,CUST_00516,1275.09,2024-03-07,5,East,Success
TXN_0000780,CUST_00843,5601.0,2024-12-08,6,West,Fail
TXN_0000781,CUST_00350,5192.83,2024-02-03,3,West,Success
TXN_0000782,CUST_00823,789.34,2024-04-06,10,North,Success
TXN_0000783,CUST_01161,924.52,2024-06-17,7,West,Success
TXN_0000784,CUST_00759,17126.84,2024-06-17,9,North,Success
TXN_0000785,CUST_00899,8961.93,2024-05-30,3,West,Success
TXN_0000786,CUST_00243,2153.36,2024-03-11,12,South,Success
TXN_0000787,CUST_00543,2713.24,2024-01-03,10,South,Success
TXN_0000788,CUST_01064,1333.18,2024-11-09,5,South,Success
TXN_0000789,CUST_00229,3120.92,2024-02-01,6,East,Success
TXN_0000790,CUST_00548,1244.21,2024-10-13,6,East,Success
TXN_0000791,CUST_00920,434.47,2024-03-22,12,South,Success
TXN_0000792,CUST_00006,767.21,2024-02-12,5,South,Success
TXN_0000793,CUST_00468,2245.93,2024-04-14,3,South,Success
TXN_0000794,CUST_00075,893.5,2024-01-01,7,North,Success
TXN_0000795,CUST_00004,2092.63,2024-03-01,5,South,Success
TXN_0000796,CUST_00646,934.74,2024-09-26,4,East,Fail
TXN_0000797,CUST_00118,1181.0,2024-06-28,3,North,Success
TXN_0000798,CUST_00881,4370.06,2024-08-11,3,South,Success
TXN_0000799,CUST_00504,2691.85,2024-01-06,2,East,Success
TXN_0000800,CUST_00947,2191.34,2024-04-12,4,North,Success
TXN_0000801,CUST_00574,4461.19,2024-01-10,3,North,Success
TXN_0000802,CUST_00194,3243.75,2024-03-11,3,East,Success
TXN_0000803,CUST_00847,7025.14,2024-03-30,8,East,Success
TXN_0000804,CUST_00715,1528.61,2024-08-13,6,North,Success
TXN_0000805,CUST_01050,1566.02,2024-06-06,6,East,Success
TXN_0000806,CUST_00173,779.86,2024-08-15,7,North,Success
TXN_0000807,CUST_00326,1566.84,2024-05-05,3,North,Success
TXN_0000808,CUST_01142,4778.18,2024-07-27,8,North,Fail
TXN_0000809,CUST_00836,6247.83,2024-04-06,4,North,Fail
TXN_0000810,CUST_00724,4761.15,2024-03-14,1,South,Fail
TXN_0000811,CUST_00225,525.66,2024-04-24,10,East,Success
TXN_0000812,CUST_00532,5252.8,2024-07-09,5,South,Success
TXN_0000813,CUST_00113,507.34,2024-06-18,5,South,Success
TXN_0000814,CUST_00140,4530.08,2024-11-02,5,South,Success
TXN_0000815,CUST_00559,1645.46,2024-07-22,3,South,Success
TXN_0000816,CUST_00001,3873.94,2024-02-25,3,North,Success
TXN_0000817,CUST_00090,760.55,2024-07-26,5,North,Success
TXN_0000818,CUST_00654,5636.02,2024-02-10,11,North,Success
TXN_0000819,CUST_00320,684.04,2024-02-01,6,West,Success
TXN_0000820,CUST_00139,1293.67,2024-01-15,2,North,Fail
TXN_0000821,CUST_00845,993.79,2024-03-02,5,South,Success
TXN_0000822,CUST_00259,542.71,2024-06-03,4,West,Success
TXN_0000823,CUST_00902,2381.82,2024-10-10,8,West,Success
TXN_0000824,CUST_00690,9366.28,2024-07-27,5,West,Success
TXN_0000825,CUST_00010,18648.56,2024-11-15,4,North,Fail
TXN_0000826,CUST_00261,2386.84,2024-07-05,4,South,Success
TXN_0000827,CUST_00172,5395.63,2024-05-09,4,North,Success
TXN_0000828,CUST_00898,2658.92,2024-05-06,3,East,Success
TXN_0000829,CUST_00013,3291.53,2024-10-18,2,West,Success
TXN_0000830,CUST_01192,1679.55,2024-04-23,5,East,Success
TXN_0000831,CUST_00321,2581.33,2024-07-17,5,West,Fail
TXN_0000832,CUST_00329,3394.74,2024-01-13,6,West,Success
TXN_0000833,CUST_00785,1390.24,2024-09-27,3,East,Success
TXN_0000834,CUST_00777,2075.6,2024-03-29,6,East,Success
TXN_0000835,CUST_00911,2107.5,2024-08-02,2,North,Success
TXN_0000836,CUST_01119,4277.49,2024-10-04,4,East,Success
TXN_0000837,CUST_00318,941.22,2024-07-21,4,East,Success
TXN_0000838,CUST_00236,2119.14,2024-03-14,6,South,Success
TXN_0000839,CUST_00334,10194.51,2024-01-25,4,East,Success
TXN_0000840,CUST_00376,5604.07,2024-04-10,5,North,Success
TXN_0000841,CUST_01161,6498.61,2024-06-24,6,West,Success
TXN_0000842,CUST_00588,2251.94,2024-04-26,6,West,Success
TXN_0000843,CUST_00513,2854.92,2024-06-14,6,South,Success
TXN_0000844,CUST_00918,4923.57,2024-02-10,5,North,Success
TXN_0000845,CUST_00873,7694.06,2024-12-09,4,West,Fail
TXN_0000846,CUST_00270,463.46,2024-04-29,6,South,Success
TXN_0000847,CUST_00798,770.97,2024-04-06,7,West,Success
TXN_0000848,CUST_00725,6295.28,2024-05-24,9,North,Success
TXN_0000849,CUST_01189,1769.56,2024-08-03,6,East,Success
TXN_0000850,CUST_00005,1290.29,2024-08-16,3,South,Fail
TXN_0000851,CUST_00851,809.71,2024-11-08,1,East,Success
TXN_0000852,CUST_00078,1416.56,2024-05-09,4,North,Success
TXN_0000853,CUST_00574,719.17,2024-12-17,4,North,Success
TXN_0000854,CUST_00132,11764.9,2024-11-13,10,West,Success
TXN_0000855,CUST_00601,2169.06,2024-05-16,3,West,Success
TXN_0000856,CUST_01066,2108.3,2024-11-19,6,South,Success
TXN_0000857,CUST_00089,3534.97,2024-12-02,6,West,Success
TXN_0000858,CUST_00402,4768.92,2024-09-29,4,West,Success
TXN_0000859,CUST_00296,4706.55,2024-04-26,2,North,Success
TXN_0000860,CUST_00616,5212.93,2024-11-01,5,North,Success
TXN_0000861,CUST_00800,1333.18,2024-04-03,4,South,Fail
TXN_0000862,CUST_00422,1740.12,2024-06-16,12,East,Success
TXN_0000863,CUST_01047,4085.61,2024-07-21,4,South,Fail
TXN_0000864,CUST_00575,1448.22,2024-12-06,5,North,Success
TXN_0000865,CUST_00143,2199.34,2024-05-28,3,North,Success
TXN_0000866,CUST_00993,3038.17,2024-07-01,3,South,Success
TXN_0000867,CUST_00665,4138.75,2024-05-31,6,South,Success
TXN_0000868,CUST_00145,532.65,2024-03-14,5,East,Success
TXN_0000869,CUST_01007,3911.97,2024-12-30,4,North,Success
TXN_0000870,CUST_00503,1831.74,2024-09-30,5,West,Success
TXN_0000871,CUST_00821,3889.23,2024-02-11,5,North,Fail
TXN_0000872,CUST_00104,4111.51,2024-07-30,6,West,Success
TXN_0000873,CUST_01063,7993.08,2024-04-10,3,West,Success
TXN_0000874,CUST_00198,6520.87,2024-02-14,8,West,Success
TXN_0000875,CUST_00579,6485.07,2024-03-22,9,East,Fail
TXN_0000876,CUST_00391,7008.9,2024-01-17,5,South,Fail
TXN_0000877,CUST_00554,2788.07,2024-03-13,6,West,Success
TXN_0000878,CUST_01039,2265.95,2024-01-14,2,South,Success
TXN_0000879,CUST_00478,4439.31,2024-06-05,8,West,Success
TXN_0000880,CUST_00923,3966.6,2024-08-10,4,East,Success
TXN_0000881,CUST_00420,1724.59,2024-05-11,7,West,Success
TXN_0000882,CUST_00157,3052.94,2024-12-03,3,South,Success
TXN_0000883,CUST_00550,2147.21,2024-02-16,6,East,Success
TXN_0000884,CUST_01121,1115.27,2024-04-16,3,South,Success
TXN_0000885,CUST_01021,6200.4,2024-04-17,5,South,Success
TXN_0000886,CUST_00997,2308.05,2024-09-21,7,South,Success
TXN_0000887,CUST_00951,11372.65,2024-07-23,7,West,Success
TXN_0000888,CUST_00289,601.61,2024-03-19,7,East,Success
TXN_0000889,CUST_00196,1414.56,2024-06-03,7,East,Success
TXN_0000890,CUST_00598,2266.77,2024-09-27,7,East,Fail
TXN_0000891,CUST_00517,5485.73,2024-09-03,4,North,Success
TXN_0000892,CUST_00865,3039.89,2024-01-19,5,North,Success
TXN_0000893,CUST_01142,2830.98,2024-12-11,5,East,Success
TXN_0000894,CUST_00806,896.22,2024-01-26,5,West,Fail
TXN_0000895,CUST_01183,875.2,2024-08-04,3,North,Success
TXN_0000896,CUST_00815,2858.36,2024-06-02,5,West,Fail
TXN_0000897,CUST_00228,741.53,2024-06-02,5,West,Success
TXN_0000898,CUST_00216,1443.03,2024-06-22,6,North,Success
TXN_0000899,CUST_00948,3296.89,2024-04-01,7,South,Success
TXN_0000900,CUST_00015,1006.41,2024-12-03,6,South,Success
TXN_0000901,CUST_01181,7976.74,2024-06-29,5,South,Success
TXN_0000902,CUST_01181,5879.04,2024-05-10,8,North,Success
TXN_0000903,CUST_00047,628.2,2024-10-24,9,West,Success
TXN_0000904,CUST_00324,1047.44,2024-10-01,5,North,Success
TXN_0000905,CUST_00844,354.74,2024-09-29,9,East,Success
TXN_0000906,CUST_00130,1180.78,2024-03-16,7,West,Success
TXN_0000907,CUST_00095,4076.98,2024-06-25,10,North,Success
TXN_0000908,CUST_00627,1585.86,2024-07-02,9,West,Fail
TXN_0000909,CUST_00755,3192.75,2024-11-14,2,North,Success
TXN_0000910,CUST_00794,653.36,2024-05-10,4,East,Success
TXN_0000911,CUST_00069,4181.31,2024-12-28,8,East,Success
TXN_0000912,CUST_00011,1416.46,2024-02-18,6,East,Success
TXN_0000913,CUST_00872,2229.95,2024-02-24,2,South,Success
TXN_0000914,CUST_00550,2050.22,2024-06-02,9,East,Success
TXN_0000915,CUST_01158,798.52,2024-12-20,3,South,Success
TXN_0000916,CUST_00712,877.9,2024-07-18,7,West,Success
TXN_0000917,CUST_00023,4789.76,2024-11-03,2,West,Success
TXN_0000918,CUST_00815,3038.73,2024-12-21,3,West,Success
TXN_0000919,CUST_00346,5115.55,2024-04-27,10,North,Fail
TXN_0000920,CUST_00302,2863.29,2024-09-19,5,North,Success
TXN_0000921,CUST_00363,2475.98,2024-02-15,2,South,Success
TXN_0000922,CUST_00396,555.12,2024-10-28,4,South,Fail
TXN_0000923,CUST_00218,1778.82,2024-12-21,4,South,Fail
TXN_0000924,CUST_00141,2160.49,2024-07-07,3,North,Success
TXN_0000925,CUST_00958,10535.29,2024-11-05,3,North,Success
TXN_0000926,CUST_00985,3825.96,2024-11-13,6,West,Success
TXN_0000927,CUST_00993,7546.57,2024-05-08,8,East,Success
TXN_0000928,CUST_00828,3561.83,2024-02-18,7,East,Success
TXN_0000929,CUST_00683,1250.07,2024-01-25,5,North,Fail
TXN_0000930,CUST_01004,2425.27,2024-09-22,8,East,Success
TXN_0000931,CUST_00356,2667.72,2024-04-27,10,West,Success
TXN_0000932,CUST_01008,1041.77,2024-05-23,4,East,Success
TXN_0000933,CUST_01157,1623.74,2024-07-18,5,South,Success
TXN_0000934,CUST_00888,1873.17,2024-06-05,3,West,Success
TXN_0000935,CUST_00127,7978.42,2024-12-13,3,North,Success
TXN_0000936,CUST_01130,417.97,2024-05-13,10,South,Success
TXN_0000937,CUST_01009,5794.44,2024-05-27,7,North,Success
TXN_0000938,CUST_00604,1043.74,2024-12-01,11,North,Success
TXN_0000939,CUST_01014,736.81,2024-03-11,5,South,Success
TXN_0000940,CUST_00051,5675.73,2024-08-20,6,West,Success
TXN_0000941,CUST_01053,3966.02,2024-11-29,4,North,Fail
TXN_0000942,CUST_00779,6024.65,2024-10-25,4,South,Success
TXN_0000943,CUST_00814,4190.44,2024-06-02,4,South,Success
TXN_0000944,CUST_00420,11474.43,2024-03-30,5,North,Success
TXN_0000945,CUST_00983,3452.93,2024-11-29,4,North,Success
TXN_0000946,CUST_00825,1948.51,2024-07-17,1,West,Success
TXN_0000947,CUST_01025,2905.44,2024-06-09,6,South,Success
TXN_0000948,CUST_00567,5971.63,2024-01-26,5,East,Success
TXN_0000949,CUST_00371,1183.82,2024-04-30,7,East,Success
TXN_0000950,CUST_00936,1310.93,2024-10-27,6,North,Success
TXN_0000951,CUST_00661,1724.74,2024-07-30,6,North,Success
TXN_0000952,CUST_00969,410.07,2024-03-03,8,West,Success
TXN_0000953,CUST_01161,2466.27,2024-03-08,5,East,Success
TXN_0000954,CUST_00202,488.38,2024-09-09,5,North,Success
TXN_0000955,CUST_00313,2304.1,2024-01-02,6,North,Success
TXN_0000956,CUST_00117,4412.65,2024-04-17,4,East,Success
TXN_0000957,CUST_00937,1507.94,2024-10-12,4,North,Success
TXN_0000958,CUST_00575,8448.06,2024-02-18,5,East,Success
TXN_0000959,CUST_00244,686.5,2024-05-19,7,East,Success
TXN_0000960,CUST_00537,5727.35,2024-08-05,7,West,Success
TXN_0000961,CUST_00075,3789.96,2024-02-13,4,East,Fail
TXN_0000962,CUST_00386,559.57,2024-09-25,2,North,Success
TXN_0000963,CUST_00475,19314.96,2024-03-18,6,South,Success
TXN_0000964,CUST_00418,2098.55,2024-08-03,6,South,Success
TXN_0000965,CUST_00347,1094.46,2024-04-07,6,South,Success
TXN_0000966,CUST_00640,716.47,2024-08-23,4,West,Success
TXN_0000967,CUST_00939,1851.93,2024-10-08,2,North,Success
TXN_0000968,CUST_00955,1994.35,2024-05-28,5,West,Success
TXN_0000969,CUST_00876,2397.34,2024-10-30,5,West,Success
TXN_0000970,CUST_00763,1740.21,2024-03-06,2,West,Success
TXN_0000971,CUST_00664,3664.99,2024-08-21,6,North,Success
TXN_0000972,CUST_00025,1619.54,2024-03-27,4,North,Success
TXN_0000973,CUST_00710,469.67,2024-03-19,1,North,Success
TXN_0000974,CUST_01185,1959.63,2024-07-23,2,South,Success
TXN_0000975,CUST_00177,332.29,2024-10-05,3,East,Success
TXN_0000976,CUST_00285,2930.76,2024-12-02,5,North,Success
TXN_0000977,CUST_00063,1008.84,2024-09-10,4,North,Fail
TXN_0000978,CUST_01003,2516.66,2024-10-30,1,West,Success
TXN_0000979,CUST_00662,6318.64,2024-05-09,7,North,Success
TXN_0000980,CUST_00666,1033.8,2024-03-24,3,East,Success
TXN_0000981,CUST_00156,5161.62,2024-10-02,5,South,Success
TXN_0000982,CUST_01073,1561.32,2024-07-05,3,North,Success
TXN_0000983,CUST_00967,8978.21,2024-02-15,4,South,Success
TXN_0000984,CUST_00849,1648.92,2024-07-01,7,North,Success
TXN_0000985,CUST_01108,1127.33,2024-09-24,6,South,Success
TXN_0000986,CUST_00689,3826.83,2024-10-22,2,North,Success
TXN_0000987,CUST_00148,1558.33,2024-11-17,3,West,Success
TXN_0000988,CUST_00342,1126.47,2024-04-09,4,South,Success
TXN_0000989,CUST_00476,1506.78,2024-03-18,5,West,Success
TXN_0000990,CUST_01087,2130.93,2024-09-28,8,West,Success
TXN_0000991,CUST_00561,6462.32,2024-12-04,5,North,Success
TXN_0000992,CUST_00327,470.0,2024-06-10,3,West,Success
TXN_0000993,CUST_01165,2249.5,2024-02-13,4,West,Success
TXN_0000994,CUST_00990,3640.67,2024-08-25,6,North,Success
TXN_0000995,CUST_00215,2577.97,2024-05-13,3,West,Success
TXN_0000996,CUST_00435,6297.4,2024-07-10,7,South,Success
TXN_0000997,CUST_00952,2080.83,2024-12-21,4,South,Success
TXN_0000998,CUST_00723,1905.23,2024-10-04,3,East,Success
TXN_0000999,CUST_00032,3547.02,2024-01-18,8,East,Success
TXN_0001000,CUST_00670,2390.96,2024-01-12,5,East,Success
TXN_0001001,CUST_00285,1615.94,2024-06-28,3,East,Success
TXN_0001002,CUST_00429,3337.29,2024-05-02,8,West,Success
TXN_0001003,CUST_00286,1310.26,2024-09-02,6,South,Success
TXN_0001004,CUST_01168,1354.32,2024-08-09,4,East,Success
TXN_0001005,CUST_01043,1447.52,2024-02-20,3,West,Fail
TXN_0001006,CUST_00018,6518.86,2024-03-11,5,North,Success
TXN_0001007,CUST_00769,167.87,2024-02-17,3,South,Success
TXN_0001008,CUST_00590,3030.49,2024-01-19,4,North,Success
TXN_0001009,CUST_01199,2269.73,2024-09-18,4,East,Success
TXN_0001010,CUST_01010,575.54,2024-03-24,3,East,Success
TXN_0001011,CUST_00194,2829.29,2024-06-03,11,East,Success
TXN_0001012,CUST_00502,3231.18,2024-02-22,8,South,Success
TXN_0001013,CUST_00988,3539.4,2024-04-16,4,North,Success
TXN_0001014,CUST_01137,264.68,2024-12-22,3,North,Success
TXN_0001015,CUST_00114,6588.7,2024-10-30,7,South,Success
TXN_0001016,CUST_00947,1223.92,2024-05-14,5,East,Success
TXN_0001017,CUST_00831,3824.77,2024-03-09,5,East,Success
TXN_0001018,CUST_00925,3995.24,2024-01-11,6,West,Success
TXN_0001019,CUST_00055,1095.15,2024-05-22,5,South,Success
TXN_0001020,CUST_00800,3745.72,2024-07-10,6,North,Success
TXN_0001021,CUST_00778,1622.31,2024-03-09,4,West,Success
TXN_0001022,CUST_00162,421.11,2024-01-23,7,North,Success
TXN_0001023,CUST_00087,5620.6,2024-06-29,6,North,Success
TXN_0001024,CUST_00055,1187.93,2024-10-19,3,West,Success
TXN_0001025,CUST_01032,1114.77,2024-01-09,3,North,Success
TXN_0001026,CUST_00833,1599.66,2024-09-27,6,West,Success
TXN_0001027,CUST_00313,2745.69,2024-04-02,6,West,Success
TXN_0001028,CUST_00759,2109.45,2024-01-17,6,West,Success
TXN_0001029,CUST_00443,3423.62,2024-06-02,9,East,Success
TXN_0001030,CUST_00328,756.28,2024-11-23,10,East,Success
TXN_0001031,CUST_01078,1219.37,2024-05-28,8,South,Success
TXN_0001032,CUST_00761,2012.64,2024-09-23,6,South,Success
TXN_0001033,CUST_00579,10080.01,2024-11-23,5,West,Success
TXN_0001034,CUST_01075,2016.16,2024-04-15,7,South,Success
TXN_0001035,CUST_01007,5261.53,2024-02-04,3,East,Success
TXN_0001036,CUST_00096,2277.52,2024-04-28,3,East,Success
TXN_0001037,CUST_01112,1499.78,2024-01-14,7,West,Success
TXN_0001038,CUST_01102,1812.79,2024-01-14,8,East,Success
TXN_0001039,CUST_01144,1929.98,2024-09-22,6,West,Success
TXN_0001040,CUST_00814,3579.28,2024-05-19,2,South,Success
TXN_0001041,CUST_00491,6632.18,2024-10-20,7,East,Success
TXN_0001042,CUST_00452,2944.65,2024-12-29,5,West,Success
TXN_0001043,CUST_00165,5708.22,2024-04-28,4,West,Success
TXN_0001044,CUST_00182,1020.62,2024-08-25,2,North,Fail
TXN_0001045,CUST_00469,1584.93,2024-02-03,8,West,Success
TXN_0001046,CUST_00910,1237.14,2024-06-17,3,West,Success
TXN_0001047,CUST_00735,2839.99,2024-01-10,8,East,Success
TXN_0001048,CUST_00823,1657.11,2024-05-01,9,North,Success
TXN_0001049,CUST_00944,3959.28,2024-05-24,7,North,Fail
TXN_0001050,CUST_00007,1048.59,2024-08-10,4,North,Success
TXN_0001051,CUST_00330,2285.69,2024-09-13,3,East,Success
TXN_0001052,CUST_00775,3825.66,2024-09-24,6,South,Success
TXN_0001053,CUST_00151,423.16,2024-12-24,7,West,Success
TXN_0001054,CUST_01109,12055.85,2024-01-04,1,North,Success
TXN_0001055,CUST_00147,1760.72,2024-12-19,5,North,Success
TXN_0001056,CUST_00915,437.02,2024-04-15,6,East,Success
TXN_0001057,CUST_00700,2506.08,2024-03-25,6,East,Success
TXN_0001058,CUST_00082,2268.23,2024-08-01,5,North,Success
TXN_0001059,CUST_00514,2068.3,2024-04-30,5,South,Success
TXN_0001060,CUST_00815,4880.26,2024-05-11,3,East,Success
TXN_0001061,CUST_00709,4015.66,2024-12-03,2,North,Success
TXN_0001062,CUST_00746,2802.59,2024-07-15,4,South,Success
TXN_0001063,CUST_01023,3165.68,2024-01-19,7,East,Success
TXN_0001064,CUST_00707,2031.47,2024-05-09,3,South,Success
TXN_0001065,CUST_00471,9139.79,2024-01-12,3,North,Success
TXN_0001066,CUST_01143,676.3,2024-03-21,2,South,Success
TXN_0001067,CUST_00396,2469.38,2024-11-25,4,North,Success
TXN_0001068,CUST_00261,2326.27,2024-12-19,6,East,Fail
TXN_0001069,CUST_00805,4232.82,2024-09-18,7,West,Success
TXN_0001070,CUST_00934,1124.3,2024-05-04,6,West,Success
TXN_0001071,CUST_00905,547.34,2024-11-02,5,North,Success
TXN_0001072,CUST_01077,2503.53,2024-09-23,11,West,Success
TXN_0001073,CUST_00940,2765.52,2024-05-19,1,North,Success
TXN_0001074,CUST_00854,7271.22,2024-11-24,6,West,Success
TXN_0001075,CUST_00593,799.28,2024-01-02,8,West,Success
TXN_0001076,CUST_00714,5562.23,2024-01-08,3,East,Success
TXN_0001077,CUST_01182,14675.45,2024-09-06,5,North,Success
TXN_0001078,CUST_00632,1632.37,2024-05-18,4,South,Success
TXN_0001079,CUST_00059,786.23,2024-05-03,8,East,Success
TXN_0001080,CUST_00128,1594.67,2024-11-04,6,South,Success
TXN_0001081,CUST_00736,2233.23,2024-08-15,4,East,Success
TXN_0001082,CUST_00721,3466.95,2024-01-10,3,North,Success
TXN_0001083,CUST_01139,1375.93,2024-07-30,5,South,Fail
TXN_0001084,CUST_00526,7663.0,2024-04-21,7,East,Success
TXN_0001085,CUST_00521,905.4,2024-01-08,3,West,Success
TXN_0001086,CUST_00552,549.3,2024-10-18,5,South,Fail
TXN_0001087,CUST_00237,5352.76,2024-12-27,8,East,Success
TXN_0001088,CUST_00494,357.92,2024-09-09,3,East,Success
TXN_0001089,CUST_00004,1875.62,2024-01-14,6,South,Fail
TXN_0001090,CUST_00666,26746.13,2024-08-27,9,West,Fail
TXN_0001091,CUST_00442,2187.17,2024-08-29,2,South,Success
TXN_0001092,CUST_00029,900.89,2024-12-07,5,South,Success
TXN_0001093,CUST_01133,2109.24,2024-05-28,7,South,Success
TXN_0001094,CUST_00610,2120.4,2024-08-23,5,East,Success
TXN_0001095,CUST_00805,2511.21,2024-11-01,5,West,Success
TXN_0001096,CUST_00075,3751.12,2024-06-15,3,South,Success
TXN_0001097,CUST_00838,961.71,2024-01-20,5,South,Success
TXN_0001098,CUST_01170,8518.87,2024-08-03,6,South,Success
TXN_0001099,CUST_00128,2686.76,2024-12-08,4,South,Success
TXN_0001100,CUST_00042,3949.86,2024-05-14,7,South,Success
TXN_0001101,CUST_00041,1336.06,2024-05-08,3,South,Success
TXN_0001102,CUST_00934,6180.2,2024-10-20,5,West,Success
TXN_0001103,CUST_00034,1797.87,2024-09-02,7,West,Success
TXN_0001104,CUST_01041,2757.4,2024-07-07,4,West,Success
TXN_0001105,CUST_01177,1046.82,2024-02-13,6,North,Success
TXN_0001106,CUST_00998,994.71,2024-03-26,6,North,Success
TXN_0001107,CUST_00588,3829.79,2024-02-13,2,East,Success
TXN_0001108,CUST_00342,1548.61,2024-11-25,6,West,Success
TXN_0001109,CUST_00027,1115.37,2024-05-24,7,West,Success
TXN_0001110,CUST_00646,1320.09,2024-02-20,3,West,Success
TXN_0001111,CUST_00731,3862.86,2024-08-29,4,South,Success
TXN_0001112,CUST_00168,1335.11,2024-10-20,1,South,Success
TXN_0001113,CUST_00610,2009.97,2024-02-20,3,East,Success
TXN_0001114,CUST_00268,2235.06,2024-09-22,6,West,Success
TXN_0001115,CUST_00821,476.33,2024-04-29,4,South,Success
TXN_0001116,CUST_00455,680.68,2024-07-18,4,West,Success
TXN_0001117,CUST_00906,2890.03,2024-09-04,6,West,Success
TXN_0001118,CUST_00922,1224.61,2024-03-10,6,South,Success
TXN_0001119,CUST_00981,5142.94,2024-12-06,9,South,Success
TXN_0001120,CUST_00702,4785.98,2024-02-26,4,North,Success
TXN_0001121,CUST_00634,3925.84,2024-02-08,5,South,Success
TXN_0001122,CUST_00130,9469.37,2024-10-15,6,North,Success
TXN_0001123,CUST_01020,2066.33,2024-01-18,6,South,Success
TXN_0001124,CUST_00819,3711.18,2024-08-07,7,West,Success
TXN_0001125,CUST_00693,1383.65,2024-11-08,3,South,Success
TXN_0001126,CUST_00794,15707.54,2024-08-31,1,East,Success
TXN_0001127,CUST_00029,10795.74,2024-12-17,4,West,Success
TXN_0001128,CUST_00149,2229.44,2024-10-30,5,East,Success
TXN_0001129,CUST_00011,3008.72,2024-10-24,5,West,Success
TXN_0001130,CUST_00676,6551.43,2024-10-09,5,South,Success
TXN_0001131,CUST_01137,1963.12,2024-03-14,5,South,Success
TXN_0001132,CUST_00187,1305.97,2024-04-19,6,South,Success
TXN_0001133,CUST_00807,4443.47,2024-06-28,7,North,Success
TXN_0001134,CUST_00744,2351.37,2024-02-01,6,South,Success
TXN_0001135,CUST_00098,2556.5,2024-08-21,8,East,Success
TXN_0001136,CUST_00055,1132.95,2024-10-08,4,North,Success
TXN_0001137,CUST_00623,558.84,2024-01-25,7,South,Success
TXN_0001138,CUST_00664,2667.55,2024-11-26,2,North,Success
TXN_0001139,CUST_00758,4554.95,2024-10-05,1,North,Fail
TXN_0001140,CUST_00406,1843.38,2024-08-13,4,West,Success
TXN_0001141,CUST_00069,6968.42,2024-02-26,4,North,Success
TXN_0001142,CUST_00751,1257.48,2024-06-28,10,North,Success
TXN_0001143,CUST_01172,949.79,2024-08-19,5,West,Success
TXN_0001144,CUST_00958,2092.71,2024-12-08,4,South,Success
TXN_0001145,CUST_00365,2067.15,2024-10-13,4,East,Success
TXN_0001146,CUST_00482,4088.67,2024-03-04,9,North,Success
TXN_0001147,CUST_00201,1188.0,2024-08-19,3,East,Success
TXN_0001148,CUST_00154,6597.69,2024-10-15,3,North,Success
TXN_0001149,CUST_00073,10652.33,2024-07-31,6,East,Success
TXN_0001150,CUST_00713,2140.26,2024-09-14,2,West,Success
TXN_0001151,CUST_00296,6001.52,2024-01-18,2,North,Success
TXN_0001152,CUST_01041,948.42,2024-06-23,7,North,Success
TXN_0001153,CUST_00061,5219.61,2024-08-16,5,South,Success
TXN_0001154,CUST_00939,5104.21,2024-08-13,6,South,Success
TXN_0001155,CUST_00042,4406.12,2024-03-24,5,North,Success
TXN_0001156,CUST_00025,2181.02,2024-10-17,8,West,Success
TXN_0001157,CUST_01063,207.81,2024-09-02,5,East,Success
TXN_0001158,CUST_00131,1321.63,2024-04-19,7,South,Success
TXN_0001159,CUST_00108,1338.45,2024-09-10,7,South,Success
TXN_0001160,CUST_00172,1009.69,2024-03-28,7,South,Success
TXN_0001161,CUST_00102,2435.22,2024-03-12,4,South,Success
TXN_0001162,CUST_00866,1579.45,2024-01-30,7,West,Fail
TXN_0001163,CUST_00524,1141.74,2024-06-20,4,North,Success
TXN_0001164,CUST_00275,946.68,2024-11-04,3,East,Success
TXN_0001165,CUST_01068,1245.87,2024-12-08,7,South,Success
TXN_0001166,CUST_00817,5416.47,2024-06-25,6,West,Success
TXN_0001167,CUST_00957,1301.38,2024-05-18,4,West,Fail
TXN_0001168,CUST_01041,1462.71,2024-07-12,4,South,Success
TXN_0001169,CUST_00330,1532.48,2024-07-04,5,East,Success
TXN_0001170,CUST_00012,2896.32,2024-08-05,4,South,Success
TXN_0001171,CUST_00216,3181.15,2024-06-12,2,West,Success
TXN_0001172,CUST_00339,193.31,2024-06-09,3,East,Success
TXN_0001173,CUST_00661,5000.57,2024-01-13,7,West,Success
TXN_0001174,CUST_01105,6968.08,2024-10-22,5,North,Success
TXN_0001175,CUST_00374,953.22,2024-03-29,2,West,Success
TXN_0001176,CUST_00976,1014.51,2024-11-19,3,South,Success
TXN_0001177,CUST_00710,1540.4,2024-02-11,4,East,Success
TXN_0001178,CUST_00466,1206.16,2024-07-28,4,South,Success
TXN_0001179,CUST_01113,2641.6,2024-08-16,5,North,Success
TXN_0001180,CUST_00489,465.35,2024-12-15,6,East,Success
TXN_0001181,CUST_00047,902.94,2024-10-01,7,East,Success
TXN_0001182,CUST_00778,7565.53,2024-10-05,9,East,Success
TXN_0001183,CUST_01040,1050.92,2024-09-07,5,West,Success
TXN_0001184,CUST_00711,5971.44,2024-11-05,6,South,Success
TXN_0001185,CUST_00401,2934.44,2024-07-26,7,East,Success
TXN_0001186,CUST_00981,519.35,2024-11-16,3,East,Success
TXN_0001187,CUST_01110,3671.16,2024-05-19,8,East,Success
TXN_0001188,CUST_00250,2009.95,2024-10-06,6,North,Success
TXN_0001189,CUST_00391,1533.99,2024-02-03,4,East,Success
TXN_0001190,CUST_00335,2686.42,2024-11-04,11,West,Success
TXN_0001191,CUST_00629,3228.29,2024-01-18,3,West,Success
TXN_0001192,CUST_00137,3889.65,2024-02-26,8,East,Success
TXN_0001193,CUST_00883,5668.06,2024-04-21,4,West,Success
TXN_0001194,CUST_00688,3061.04,2024-01-05,3,West,Success
TXN_0001195,CUST_00827,734.72,2024-06-30,3,East,Success
TXN_0001196,CUST_00727,1511.84,2024-01-13,5,West,Success
TXN_0001197,CUST_00594,23258.8,2024-12-04,8,North,Success
TXN_0001198,CUST_00990,3942.59,2024-10-11,2,East,Success
TXN_0001199,CUST_00372,14697.46,2024-09-15,4,South,Success
TXN_0001200,CUST_00935,6743.59,2024-03-30,6,West,Success
TXN_0001201,CUST_00995,2679.65,2024-04-13,6,East,Success
TXN_0001202,CUST_00402,2810.52,2024-07-04,4,South,Success
TXN_0001203,CUST_00615,2144.66,2024-09-06,3,North,Success
TXN_0001204,CUST_01183,549.91,2024-09-11,3,North,Success
TXN_0001205,CUST_01176,2240.46,2024-03-16,7,East,Success
TXN_0001206,CUST_00995,5817.0,2024-04-17,4,East,Success
TXN_0001207,CUST_00620,1366.88,2024-06-04,4,North,Success
TXN_0001208,CUST_00188,3070.4,2024-03-22,4,North,Success
TXN_0001209,CUST_01122,4364.56,2024-03-17,4,North,Success
TXN_0001210,CUST_00131,1066.63,2024-09-14,4,South,Success
TXN_0001211,CUST_00805,1539.11,2024-05-06,5,South,Success
TXN_0001212,CUST_01195,978.16,2024-10-08,2,East,Success
TXN_0001213,CUST_00936,1143.98,2024-03-28,8,South,Success
TXN_0001214,CUST_00986,788.33,2024-07-22,7,West,Success
TXN_0001215,CUST_00183,1074.53,2024-01-16,8,North,Success
TXN_0001216,CUST_00983,6874.43,2024-05-30,5,East,Success
TXN_0001217,CUST_00364,1061.69,2024-09-10,7,South,Success
TXN_0001218,CUST_00039,2443.45,2024-07-06,7,East,Success
TXN_0001219,CUST_00497,1476.91,2024-11-24,5,South,Success
TXN_0001220,CUST_00982,5670.84,2024-02-01,6,East,Success
TXN_0001221,CUST_00921,6303.94,2024-09-27,5,North,Success
TXN_0001222,CUST_00722,4408.35,2024-01-05,7,North,Success
TXN_0001223,CUST_01185,2821.17,2024-11-25,3,North,Success
TXN_0001224,CUST_00016,1835.65,2024-11-03,7,South,Success
TXN_0001225,CUST_00493,851.07,2024-11-28,8,East,Success
TXN_0001226,CUST_01132,10454.87,2024-06-17,6,East,Success
TXN_0001227,CUST_00894,1202.62,2024-06-29,3,East,Success
TXN_0001228,CUST_00311,3755.28,2024-06-26,6,West,Success
TXN_0001229,CUST_00739,5154.64,2024-05-22,5,South,Success
TXN_0001230,CUST_01194,1416.26,2024-12-27,7,North,Success
TXN_0001231,CUST_00546,5066.52,2024-09-04,4,North,Success
TXN_0001232,CUST_00414,4069.89,2024-05-06,7,East,Success
TXN_0001233,CUST_00251,8798.8,2024-09-19,4,East,Success
TXN_0001234,CUST_00759,1517.05,2024-02-09,6,West,Success
TXN_0001235,CUST_01165,789.43,2024-12-20,6,South,Success
TXN_0001236,CUST_01063,1473.81,2024-09-11,4,East,Fail
TXN_0001237,CUST_00814,2609.94,2024-05-22,8,East,Fail
TXN_0001238,CUST_00029,2313.62,2024-08-27,6,South,Success
TXN_0001239,CUST_00958,1612.03,2024-08-15,1,East,Fail
TXN_0001240,CUST_00477,479.45,2024-12-06,3,North,Success
TXN_0001241,CUST_00318,3217.59,2024-07-16,7,South,Success
TXN_0001242,CUST_00245,10698.68,2024-03-05,5,North,Success
TXN_0001243,CUST_00748,3201.58,2024-01-11,6,West,Success
TXN_0001244,CUST_00697,3595.03,2024-04-17,2,East,Success
TXN_0001245,CUST_00272,3491.04,2024-01-26,3,East,Success
TXN_0001246,CUST_00377,3034.0,2024-05-30,4,South,Fail
TXN_0001247,CUST_00266,4653.3,2024-08-08,8,West,Success
TXN_0001248,CUST_00926,3029.94,2024-12-06,6,South,Success
TXN_0001249,CUST_00921,1719.62,2024-08-24,7,West,Success
TXN_0001250,CUST_00340,1168.19,2024-08-24,8,South,Success
TXN_0001251,CUST_00389,1809.53,2024-08-06,2,South,Success
TXN_0001252,CUST_00577,2839.27,2024-05-30,7,East,Success
TXN_0001253,CUST_00003,1714.94,2024-05-02,3,East,Success
TXN_0001254,CUST_01166,2839.75,2024-05-23,3,West,Fail
TXN_0001255,CUST_00376,3137.93,2024-07-07,4,North,Success
TXN_0001256,CUST_00324,4300.75,2024-09-11,8,North,Success
TXN_0001257,CUST_00146,6162.49,2024-03-08,5,South,Success
TXN_0001258,CUST_00293,2350.55,2024-04-13,4,East,Success
TXN_0001259,CUST_00432,775.71,2024-12-01,5,South,Success
TXN_0001260,CUST_00705,1675.58,2024-06-07,3,West,Success
TXN_0001261,CUST_00949,2287.58,2024-11-04,2,South,Success
TXN_0001262,CUST_00585,508.46,2024-12-27,6,South,Success
TXN_0001263,CUST_00399,6707.16,2024-10-26,6,South,Success
TXN_0001264,CUST_00817,2474.77,2024-03-30,6,West,Success
TXN_0001265,CUST_00964,2996.15,2024-12-22,5,West,Success
TXN_0001266,CUST_01164,6584.15,2024-09-12,2,South,Success
TXN_0001267,CUST_00187,1333.93,2024-12-18,4,East,Success
TXN_0001268,CUST_00061,3495.51,2024-08-07,5,West,Success
TXN_0001269,CUST_00939,2022.54,2024-01-09,3,North,Success
TXN_0001270,CUST_00710,1905.94,2024-01-12,9,South,Success
TXN_0001271,CUST_00807,1190.64,2024-11-20,6,East,Success
TXN_0001272,CUST_00011,8370.61,2024-08-31,8,West,Success
TXN_0001273,CUST_01086,1635.33,2024-06-30,4,South,Success
TXN_0001274,CUST_00226,3864.44,2024-10-10,1,East,Success
TXN_0001275,CUST_01177,492.75,2024-11-07,5,North,Success
TXN_0001276,CUST_00564,5675.94,2024-04-08,4,West,Success
TXN_0001277,CUST_00772,5124.4,2024-07-15,5,West,Success
TXN_0001278,CUST_00885,2387.37,2024-08-13,6,North,Success
TXN_0001279,CUST_01131,1841.7,2024-11-28,3,West,Success
TXN_0001280,CUST_00226,3041.18,2024-04-12,7,East,Success
TXN_0001281,CUST_00825,13780.81,2024-04-15,4,West,Success
TXN_0001282,CUST_00218,538.84,2024-12-30,9,South,Success
TXN_0001283,CUST_00937,4128.3,2024-02-27,5,North,Success
TXN_0001284,CUST_00753,1064.97,2024-03-18,8,South,Success
TXN_0001285,CUST_00506,2173.44,2024-03-15,7,West,Success
TXN_0001286,CUST_00259,1811.11,2024-02-11,5,South,Success
TXN_0001287,CUST_00054,1567.67,2024-11-19,5,East,Success
TXN_0001288,CUST_01071,2189.94,2024-06-29,5,South,Success
TXN_0001289,CUST_00727,891.28,2024-02-02,8,East,Success
TXN_0001290,CUST_00689,5030.85,2024-03-11,7,East,Success
TXN_0001291,CUST_01123,525.68,2024-02-25,6,East,Success
TXN_0001292,CUST_01044,3400.96,2024-04-14,4,North,Success
TXN_0001293,CUST_00419,1700.66,2024-07-18,2,South,Success
TXN_0001294,CUST_00690,865.46,2024-04-10,3,East,Success
TXN_0001295,CUST_00850,2596.47,2024-09-12,2,East,Success
TXN_0001296,CUST_00062,635.52,2024-11-02,6,South,Success
TXN_0001297,CUST_01169,2279.64,2024-03-14,4,West,Success
TXN_0001298,CUST_00216,707.47,2024-06-19,4,North,Success
TXN_0001299,CUST_00003,3193.96,2024-05-22,8,East,Fail
TXN_0001300,CUST_00160,1054.18,2024-06-14,5,West,Success
TXN_0001301,CUST_00781,1539.49,2024-09-17,4,West,Success
TXN_0001302,CUST_01144,2793.8,2024-08-08,5,West,Success
TXN_0001303,CUST_00893,1190.31,2024-03-23,6,East,Success
TXN_0001304,CUST_01113,2108.28,2024-06-30,11,East,Success
TXN_0001305,CUST_00329,657.82,2024-11-02,10,East,Success
TXN_0001306,CUST_00580,3658.1,2024-01-10,4,South,Success
TXN_0001307,CUST_00952,9062.78,2024-01-04,4,East,Success
TXN_0001308,CUST_00635,20614.85,2024-12-16,5,North,Success
TXN_0001309,CUST_00988,2375.43,2024-12-01,8,South,Fail
TXN_0001310,CUST_00921,4148.75,2024-10-18,5,North,Fail
TXN_0001311,CUST_00738,531.39,2024-10-07,7,West,Success
TXN_0001312,CUST_00170,7348.03,2024-08-02,5,South,Success
TXN_0001313,CUST_00521,4109.2,2024-04-07,6,South,Success
TXN_0001314,CUST_00040,1499.45,2024-04-10,6,South,Success
TXN_0001315,CUST_00955,5941.66,2024-01-09,7,North,Success
TXN_0001316,CUST_00984,1801.58,2024-03-01,3,North,Success
TXN_0001317,CUST_01148,1530.85,2024-11-04,6,West,Success
TXN_0001318,CUST_00975,3230.1,2024-05-25,5,East,Success
TXN_0001319,CUST_00038,943.24,2024-03-03,6,North,Success
TXN_0001320,CUST_00328,5000.53,2024-04-30,5,West,Success
TXN_0001321,CUST_00914,948.81,2024-08-13,9,East,Success
TXN_0001322,CUST_00454,953.33,2024-04-14,5,South,Success
TXN_0001323,CUST_00037,1066.62,2024-09-16,5,East,Success
TXN_0001324,CUST_00973,4054.57,2024-12-14,4,North,Success
TXN_0001325,CUST_00796,1348.27,2024-09-11,5,West,Success
TXN_0001326,CUST_00973,751.15,2024-07-25,7,South,Success
TXN_0001327,CUST_00593,1360.29,2024-01-28,8,South,Success
TXN_0001328,CUST_01138,2152.46,2024-06-18,4,East,Success
TXN_0001329,CUST_01064,858.53,2024-12-01,9,East,Success
TXN_0001330,CUST_00224,878.89,2024-03-16,3,North,Success
TXN_0001331,CUST_00318,11956.58,2024-04-25,8,South,Success
TXN_0001332,CUST_00349,1109.37,2024-03-09,5,East,Success
TXN_0001333,CUST_00115,1705.42,2024-12-19,7,South,Success
TXN_0001334,CUST_00698,1646.18,2024-08-21,2,West,Success
TXN_0001335,CUST_01064,1576.42,2024-01-01,6,West,Success
TXN_0001336,CUST_00040,3630.32,2024-06-15,5,North,Success
TXN_0001337,CUST_00216,4715.05,2024-12-17,7,South,Success
TXN_0001338,CUST_01171,1728.89,2024-08-05,5,East,Success
TXN_0001339,CUST_00336,821.24,2024-09-29,4,West,Success
TXN_0001340,CUST_01192,6121.44,2024-09-07,8,West,Success
TXN_0001341,CUST_00092,2046.17,2024-12-12,4,North,Fail
TXN_0001342,CUST_00353,8815.42,2024-12-09,7,West,Success
TXN_0001343,CUST_00571,366.33,2024-06-22,6,North,Success
TXN_0001344,CUST_00816,2582.01,2024-06-18,2,South,Success
TXN_0001345,CUST_00781,10248.48,2024-09-02,6,East,Success
TXN_0001346,CUST_00363,1664.68,2024-03-30,3,South,Success
TXN_0001347,CUST_00557,1843.84,2024-02-18,6,South,Success
TXN_0001348,CUST_01194,2797.3,2024-10-20,5,South,Success
TXN_0001349,CUST_00356,1412.28,2024-05-29,10,East,Success
TXN_0001350,CUST_00191,1720.45,2024-05-11,7,South,Success
TXN_0001351,CUST_00422,1685.38,2024-02-28,8,South,Success
TXN_0001352,CUST_00700,1336.84,2024-11-19,3,North,Success
TXN_0001353,CUST_00007,5902.23,2024-07-17,6,North,Success
TXN_0001354,CUST_00133,3193.47,2024-08-02,6,North,Success
TXN_0001355,CUST_00557,2698.64,2024-02-18,3,East,Success
TXN_0001356,CUST_00826,4216.91,2024-08-19,3,West,Success
TXN_0001357,CUST_00761,1787.4,2024-09-03,4,West,Success
TXN_0001358,CUST_01055,1188.73,2024-08-26,5,South,Success
TXN_0001359,CUST_00535,1363.62,2024-06-16,4,West,Success
TXN_0001360,CUST_00426,2211.5,2024-02-17,2,South,Success
TXN_0001361,CUST_00672,946.37,2024-02-20,4,North,Success
TXN_0001362,CUST_00363,1479.99,2024-10-25,5,South,Success
TXN_0001363,CUST_00082,1461.34,2024-04-07,8,East,Success
TXN_0001364,CUST_00356,12084.09,2024-08-03,6,West,Success
TXN_0001365,CUST_00589,240.07,2024-06-25,1,South,Success
TXN_0001366,CUST_00295,1912.76,2024-03-20,4,North,Success
TXN_0001367,CUST_01070,8782.84,2024-07-03,10,East,Success
TXN_0001368,CUST_01137,2434.45,2024-01-27,3,South,Success
TXN_0001369,CUST_00017,4034.89,2024-07-13,5,South,Success
TXN_0001370,CUST_00360,2391.94,2024-08-01,7,South,Fail
TXN_0001371,CUST_00866,1294.83,2024-12-07,6,East,Success
TXN_0001372,CUST_00700,367.41,2024-04-23,4,South,Success
TXN_0001373,CUST_00448,2602.86,2024-08-29,2,North,Success
TXN_0001374,CUST_00856,1187.39,2024-05-03,2,North,Success
TXN_0001375,CUST_00365,1164.13,2024-10-31,3,North,Success
TXN_0001376,CUST_00675,1481.5,2024-03-16,6,North,Success
TXN_0001377,CUST_01008,8918.55,2024-11-06,7,East,Success
TXN_0001378,CUST_00467,15121.46,2024-11-07,3,North,Success
TXN_0001379,CUST_00414,2627.44,2024-07-14,4,North,Success
TXN_0001380,CUST_00586,1522.62,2024-12-16,3,West,Fail
TXN_0001381,CUST_00994,861.11,2024-02-13,3,North,Success
TXN_0001382,CUST_00572,3212.59,2024-07-04,6,East,Success
TXN_0001383,CUST_00335,9194.17,2024-12-08,3,West,Success
TXN_0001384,CUST_00037,1811.89,2024-09-02,4,West,Success
TXN_0001385,CUST_00989,329.25,2024-03-24,7,East,Success
TXN_0001386,CUST_00278,3774.56,2024-07-25,6,West,Success
TXN_0001387,CUST_00916,4857.7,2024-05-30,7,South,Success
TXN_0001388,CUST_00484,621.0,2024-06-04,2,North,Fail
TXN_0001389,CUST_00731,2543.22,2024-01-16,2,South,Success
TXN_0001390,CUST_00192,3168.4,2024-06-13,8,East,Success
TXN_0001391,CUST_01041,2082.9,2024-05-24,9,South,Success
TXN_0001392,CUST_00524,1173.07,2024-02-06,2,East,Success
TXN_0001393,CUST_00918,4977.83,2024-11-28,5,South,Success
TXN_0001394,CUST_00401,1599.26,2024-02-14,6,North,Success
TXN_0001395,CUST_00886,673.07,2024-07-24,4,East,Success
TXN_0001396,CUST_00705,428.56,2024-03-02,4,East,Success
TXN_0001397,CUST_00022,6055.24,2024-12-21,3,East,Success
TXN_0001398,CUST_00474,3616.75,2024-11-03,4,West,Success
TXN_0001399,CUST_01144,2369.37,2024-01-19,5,North,Success
TXN_0001400,CUST_00210,1552.75,2024-12-30,7,West,Success
TXN_0001401,CUST_00306,1446.35,2024-10-26,2,West,Success
TXN_0001402,CUST_00704,933.94,2024-01-07,4,North,Success
TXN_0001403,CUST_00687,1563.74,2024-09-05,4,East,Success
TXN_0001404,CUST_00285,405.02,2024-04-26,6,West,Fail
TXN_0001405,CUST_00716,1225.55,2024-03-08,9,West,Success
TXN_0001406,CUST_00763,1722.01,2024-02-03,4,East,Success
TXN_0001407,CUST_00948,3597.17,2024-07-12,5,North,Success
TXN_0001408,CUST_00381,2138.93,2024-11-20,4,North,Success
TXN_0001409,CUST_00460,4171.11,2024-02-24,5,North,Success
TXN_0001410,CUST_01031,6498.38,2024-09-22,6,West,Fail
TXN_0001411,CUST_00029,5148.89,2024-02-11,3,North,Success
TXN_0001412,CUST_00907,3217.65,2024-10-23,3,North,Fail
TXN_0001413,CUST_01057,2229.41,2024-08-18,3,West,Success
TXN_0001414,CUST_00879,1007.64,2024-01-10,7,North,Success
TXN_0001415,CUST_00079,3991.63,2024-12-23,6,South,Success
TXN_0001416,CUST_00947,8465.87,2024-05-07,5,North,Success
TXN_0001417,CUST_00459,2903.54,2024-06-27,4,North,Success
TXN_0001418,CUST_00570,10237.44,2024-07-11,8,East,Success
TXN_0001419,CUST_00738,651.67,2024-04-01,4,West,Success
TXN_0001420,CUST_00516,877.14,2024-08-18,4,East,Success
TXN_0001421,CUST_01123,4377.19,2024-03-18,5,South,Success
TXN_0001422,CUST_00397,2728.3,2024-03-25,6,North,Fail
TXN_0001423,CUST_00039,6317.16,2024-01-30,8,East,Success
TXN_0001424,CUST_00887,2181.18,2024-07-31,5,East,Success
TXN_0001425,CUST_00797,1102.81,2024-02-18,3,South,Success
TXN_0001426,CUST_00157,1861.48,2024-09-21,9,North,Success
TXN_0001427,CUST_01099,647.98,2024-05-24,6,East,Success
TXN_0001428,CUST_00884,895.27,2024-03-09,3,North,Success
TXN_0001429,CUST_01154,4807.61,2024-02-27,9,South,Success
TXN_0001430,CUST_00974,4439.2,2024-07-03,5,South,Success
TXN_0001431,CUST_01108,2952.49,2024-03-02,4,North,Success
TXN_0001432,CUST_01046,557.32,2024-11-03,5,South,Success
TXN_0001433,CUST_00849,1657.85,2024-10-22,6,West,Success
TXN_0001434,CUST_00748,828.82,2024-06-14,4,East,Success
TXN_0001435,CUST_00989,5660.27,2024-06-19,7,West,Success
TXN_0001436,CUST_00021,1384.4,2024-03-03,5,West,Success
TXN_0001437,CUST_00303,926.49,2024-05-26,2,South,Success
TXN_0001438,CUST_00869,2261.62,2024-11-01,4,South,Success
TXN_0001439,CUST_00084,1323.29,2024-06-09,6,North,Success
TXN_0001440,CUST_00570,7237.24,2024-05-20,6,West,Success
TXN_0001441,CUST_00934,1226.78,2024-11-29,8,East,Success
TXN_0001442,CUST_01186,720.98,2024-04-06,3,North,Success
TXN_0001443,CUST_01187,394.52,2024-08-08,2,North,Success
TXN_0001444,CUST_01009,2154.62,2024-02-12,5,North,Success
TXN_0001445,CUST_00793,1408.75,2024-10-18,5,South,Success
TXN_0001446,CUST_00792,704.07,2024-04-17,7,South,Success
TXN_0001447,CUST_00492,5718.04,2024-09-22,5,North,Fail
TXN_0001448,CUST_00208,3766.1,2024-04-04,3,South,Success
TXN_0001449,CUST_01084,2159.05,2024-09-18,6,South,Fail
TXN_0001450,CUST_00430,6577.84,2024-11-08,6,North,Success
TXN_0001451,CUST_00985,3751.94,2024-03-11,3,East,Success
TXN_0001452,CUST_00520,1143.35,2024-08-06,8,East,Success
TXN_0001453,CUST_00591,961.62,2024-01-21,2,South,Success
TXN_0001454,CUST_01051,4248.77,2024-04-01,4,East,Success
TXN_0001455,CUST_00199,3032.35,2024-05-06,5,East,Success
TXN_0001456,CUST_00387,2529.55,2024-03-20,3,South,Success
TXN_0001457,CUST_00349,1121.93,2024-11-07,4,East,Success
TXN_0001458,CUST_00960,3591.62,2024-08-25,6,South,Success
TXN_0001459,CUST_00693,1206.65,2024-06-30,8,West,Success
TXN_0001460,CUST_00378,2035.32,2024-01-25,5,North,Success
TXN_0001461,CUST_00899,7027.28,2024-06-04,2,East,Success
TXN_0001462,CUST_00916,1301.58,2024-01-05,7,North,Success
TXN_0001463,CUST_00527,627.42,2024-04-29,5,North,Success
TXN_0001464,CUST_01177,951.43,2024-10-03,3,South,Success
TXN_0001465,CUST_00734,4892.4,2024-01-18,4,East,Success
TXN_0001466,CUST_00206,2707.51,2024-07-16,3,East,Success
TXN_0001467,CUST_00455,1992.01,2024-02-26,5,West,Fail
TXN_0001468,CUST_00521,1469.57,2024-04-02,4,East,Success
TXN_0001469,CUST_01017,3256.11,2024-01-19,4,East,Success
TXN_0001470,CUST_00956,1119.59,2024-12-18,8,South,Success
TXN_0001471,CUST_00726,2820.11,2024-07-11,7,North,Success
TXN_0001472,CUST_01014,1230.28,2024-08-24,3,West,Success
TXN_0001473,CUST_00501,1076.93,2024-10-03,5,East,Success
TXN_0001474,CUST_00117,1326.12,2024-08-14,3,East,Success
TXN_0001475,CUST_00386,1635.45,2024-08-20,6,West,Success
TXN_0001476,CUST_00584,2123.74,2024-02-09,2,South,Success
TXN_0001477,CUST_00395,2666.08,2024-11-18,4,East,Success
TXN_0001478,CUST_01088,115.5,2024-06-01,5,East,Success
TXN_0001479,CUST_00721,1157.34,2024-05-06,3,West,Success
TXN_0001480,CUST_00072,1614.44,2024-08-24,1,North,Success
TXN_0001481,CUST_00274,7361.73,2024-02-24,6,East,Success
TXN_0001482,CUST_00338,930.76,2024-06-20,12,East,Success
TXN_0001483,CUST_00607,2515.53,2024-04-18,4,North,Success
TXN_0001484,CUST_00166,7302.88,2024-12-19,5,East,Success
TXN_0001485,CUST_00011,772.49,2024-07-02,5,North,Success
TXN_0001486,CUST_00729,3026.55,2024-07-16,1,South,Success
TXN_0001487,CUST_00801,1162.33,2024-03-27,3,North,Success
TXN_0001488,CUST_00102,1474.82,2024-07-19,9,North,Success
TXN_0001489,CUST_00779,1161.55,2024-12-02,4,East,Success
TXN_0001490,CUST_00214,1229.69,2024-11-17,2,East,Success
TXN_0001491,CUST_01112,19487.52,2024-10-01,6,West,Success
TXN_0001492,CUST_00401,4339.72,2024-07-29,5,East,Fail
TXN_0001493,CUST_00588,5331.51,2024-04-27,6,East,Success
TXN_0001494,CUST_00889,3273.43,2024-07-09,4,North,Success
TXN_0001495,CUST_01070,610.94,2024-02-11,5,South,Success
TXN_0001496,CUST_00592,3028.94,2024-02-11,6,East,Success
TXN_0001497,CUST_01110,5210.04,2024-11-10,6,North,Fail
TXN_0001498,CUST_00092,1115.75,2024-10-02,5,West,Success
TXN_0001499,CUST_00673,4780.31,2024-11-24,4,West,Success
TXN_0001500,CUST_00714,3879.53,2024-01-17,3,South,Success
TXN_0001501,CUST_00936,9717.0,2024-10-09,7,South,Success
TXN_0001502,CUST_00242,1580.94,2024-09-14,7,South,Success
TXN_0001503,CUST_00002,917.74,2024-03-03,10,North,Success
TXN_0001504,CUST_00225,1653.58,2024-03-02,3,East,Fail
TXN_0001505,CUST_00801,6963.63,2024-04-09,5,North,Success
TXN_0001506,CUST_00589,511.46,2024-01-19,4,West,Success
TXN_0001507,CUST_00116,422.12,2024-01-17,7,West,Success
TXN_0001508,CUST_00918,2372.07,2024-11-20,9,East,Success
TXN_0001509,CUST_01127,1549.87,2024-09-02,2,South,Fail
TXN_0001510,CUST_00194,2222.04,2024-09-07,6,West,Success
TXN_0001511,CUST_01190,4704.38,2024-03-21,3,South,Success
TXN_0001512,CUST_00871,1419.34,2024-02-08,4,North,Success
TXN_0001513,CUST_00090,493.54,2024-02-05,2,South,Success
TXN_0001514,CUST_00122,11334.26,2024-07-15,4,North,Success
TXN_0001515,CUST_00143,994.48,2024-06-06,9,East,Success
TXN_0001516,CUST_00994,946.5,2024-07-22,6,South,Success
TXN_0001517,CUST_00106,5339.97,2024-07-14,5,East,Success
TXN_0001518,CUST_00887,1623.61,2024-08-03,10,South,Success
TXN_0001519,CUST_00428,2099.15,2024-10-11,4,West,Success
TXN_0001520,CUST_00317,3249.42,2024-07-14,3,East,Success
TXN_0001521,CUST_00635,5254.64,2024-11-02,8,South,Success
TXN_0001522,CUST_00009,1691.26,2024-05-31,2,East,Success
TXN_0001523,CUST_00774,7449.94,2024-01-14,3,South,Success
TXN_0001524,CUST_01097,399.96,2024-11-20,1,North,Success
TXN_0001525,CUST_00223,4055.5,2024-05-25,3,East,Success
TXN_0001526,CUST_00553,1128.2,2024-02-26,7,West,Success
TXN_0001527,CUST_00716,6619.78,2024-07-29,3,East,Success
TXN_0001528,CUST_01108,2474.11,2024-09-24,6,North,Success
TXN_0001529,CUST_00111,1289.07,2024-07-28,8,North,Success
TXN_0001530,CUST_00251,3752.86,2024-01-17,6,West,Success
TXN_0001531,CUST_00383,4512.25,2024-10-12,5,North,Success
TXN_0001532,CUST_00007,3690.49,2024-12-09,3,West,Success
TXN_0001533,CUST_00459,968.98,2024-07-21,5,South,Success
TXN_0001534,CUST_01108,1499.35,2024-04-08,5,North,Success
TXN_0001535,CUST_00208,2201.16,2024-10-05,6,South,Success
TXN_0001536,CUST_00900,2136.65,2024-07-27,5,South,Success
TXN_0001537,CUST_00022,4023.05,2024-05-08,3,North,Success
TXN_0001538,CUST_00410,440.57,2024-11-30,8,West,Success
TXN_0001539,CUST_00895,2885.52,2024-10-14,6,West,Success
TXN_0001540,CUST_00515,1751.13,2024-09-08,7,West,Success
TXN_0001541,CUST_01151,1129.13,2024-09-21,2,North,Success
TXN_0001542,CUST_00809,1219.27,2024-09-27,3,South,Success
TXN_0001543,CUST_00874,1860.07,2024-07-06,6,East,Success
TXN_0001544,CUST_00014,123.86,2024-08-01,6,East,Fail
TXN_0001545,CUST_00971,1260.13,2024-10-09,7,North,Fail
TXN_0001546,CUST_00978,1095.92,2024-07-29,5,East,Success
TXN_0001547,CUST_01014,3382.01,2024-12-30,4,South,Fail
TXN_0001548,CUST_01036,1159.31,2024-03-16,3,East,Success
TXN_0001549,CUST_00087,1859.21,2024-05-27,5,West,Success
TXN_0001550,CUST_00909,7584.19,2024-11-16,6,South,Success
TXN_0001551,CUST_00122,4892.61,2024-07-31,2,North,Success
TXN_0001552,CUST_01171,4545.16,2024-04-18,10,North,Success
TXN_0001553,CUST_00750,1480.45,2024-05-08,6,West,Success
TXN_0001554,CUST_00685,3409.86,2024-01-10,9,East,Fail
TXN_0001555,CUST_00309,1831.48,2024-02-16,7,North,Success
TXN_0001556,CUST_00695,1887.72,2024-11-10,4,North,Fail
TXN_0001557,CUST_00288,3064.83,2024-04-05,7,South,Success
TXN_0001558,CUST_00307,1369.78,2024-04-12,6,South,Success
TXN_0001559,CUST_00914,7291.05,2024-12-07,7,South,Success
TXN_0001560,CUST_00662,1942.82,2024-05-25,11,South,Success
TXN_0001561,CUST_00549,3621.66,2024-01-27,2,North,Success
TXN_0001562,CUST_00312,7076.12,2024-08-07,7,South,Success
TXN_0001563,CUST_00873,5040.81,2024-01-18,4,West,Success
TXN_0001564,CUST_01083,715.42,2024-06-15,5,West,Success
TXN_0001565,CUST_00924,3152.39,2024-03-22,8,South,Success
TXN_0001566,CUST_00755,4361.52,2024-03-12,7,South,Success
TXN_0001567,CUST_00035,4507.47,2024-11-05,4,East,Success
TXN_0001568,CUST_00445,906.29,2024-09-10,6,South,Fail
TXN_0001569,CUST_00093,1305.54,2024-06-10,6,North,Success
TXN_0001570,CUST_00353,4893.42,2024-11-22,8,West,Success
TXN_0001571,CUST_00903,1200.62,2024-02-07,4,West,Success
TXN_0001572,CUST_00862,1737.57,2024-07-19,6,North,Success
TXN_0001573,CUST_00159,7790.81,2024-07-18,6,South,Success
TXN_0001574,CUST_00957,2125.5,2024-09-11,7,East,Success
TXN_0001575,CUST_00024,1234.7,2024-06-27,7,West,Success
TXN_0001576,CUST_00404,1094.34,2024-02-04,3,East,Success
TXN_0001577,CUST_00805,2881.81,2024-03-22,4,West,Success
TXN_0001578,CUST_00516,760.12,2024-08-07,6,East,Success
TXN_0001579,CUST_00732,1811.9,2024-06-06,9,West,Success
TXN_0001580,CUST_00532,2882.99,2024-01-04,5,East,Success
TXN_0001581,CUST_00956,6243.65,2024-06-15,5,South,Success
TXN_0001582,CUST_00152,3767.02,2024-07-22,4,South,Success
TXN_0001583,CUST_00947,1247.31,2024-07-12,5,North,Success
TXN_0001584,CUST_00608,5668.82,2024-08-22,5,North,Success
TXN_0001585,CUST_00420,1737.82,2024-07-24,8,East,Success
TXN_0001586,CUST_01141,821.75,2024-05-29,8,East,Success
TXN_0001587,CUST_00866,1924.4,2024-06-07,5,West,Success
TXN_0001588,CUST_00578,6978.12,2024-10-05,4,North,Success
TXN_0001589,CUST_00335,2520.45,2024-10-30,3,North,Success
TXN_0001590,CUST_00932,2230.58,2024-06-14,4,West,Success
TXN_0001591,CUST_00295,8182.63,2024-11-06,6,East,Success
TXN_0001592,CUST_00755,702.69,2024-03-08,7,North,Success
TXN_0001593,CUST_00186,789.6,2024-03-28,3,East,Success
TXN_0001594,CUST_00637,606.27,2024-08-04,3,South,Success
TXN_0001595,CUST_00530,2975.35,2024-01-01,4,East,Success
TXN_0001596,CUST_00021,2522.98,2024-05-14,2,South,Success
TXN_0001597,CUST_00911,7586.98,2024-07-03,4,South,Success
TXN_0001598,CUST_00867,2683.24,2024-12-16,5,West,Fail
TXN_0001599,CUST_00794,1598.27,2024-05-19,5,West,Success
TXN_0001600,CUST_00100,2211.52,2024-04-15,6,South,Success
TXN_0001601,CUST_00752,2426.4,2024-05-12,7,West,Success
TXN_0001602,CUST_00478,579.75,2024-04-17,5,North,Success
TXN_0001603,CUST_00940,19307.82,2024-06-26,7,North,Success
TXN_0001604,CUST_00526,3347.26,2024-10-24,7,East,Success
TXN_0001605,CUST_00334,2612.35,2024-12-23,3,South,Success
TXN_0001606,CUST_00002,3612.41,2024-12-24,4,East,Success
TXN_0001607,CUST_00375,3895.31,2024-05-25,6,South,Success
TXN_0001608,CUST_00293,1973.49,2024-03-14,2,South,Success
TXN_0001609,CUST_00837,1332.76,2024-04-17,6,East,Success
TXN_0001610,CUST_01005,3567.29,2024-05-01,10,East,Success
TXN_0001611,CUST_00553,3006.61,2024-01-17,10,East,Success
TXN_0001612,CUST_00318,1155.27,2024-07-14,4,East,Success
TXN_0001613,CUST_00381,6872.12,2024-11-22,3,North,Success
TXN_0001614,CUST_00014,2792.47,2024-11-13,6,South,Success
TXN_0001615,CUST_00504,3959.43,2024-10-23,5,West,Success
TXN_0001616,CUST_00231,6724.66,2024-09-08,6,South,Success
TXN_0001617,CUST_01108,2247.36,2024-04-28,6,North,Success
TXN_0001618,CUST_00130,2845.69,2024-06-10,7,South,Success
TXN_0001619,CUST_00838,4221.82,2024-07-16,2,North,Success
TXN_0001620,CUST_01169,1236.59,2024-02-14,9,South,Success
TXN_0001621,CUST_00891,2305.93,2024-11-09,7,North,Success
TXN_0001622,CUST_00028,2441.67,2024-06-27,2,West,Success
TXN_0001623,CUST_00066,1027.78,2024-02-13,4,West,Success
TXN_0001624,CUST_01187,14102.53,2024-09-27,7,West,Fail
TXN_0001625,CUST_00261,716.35,2024-03-18,10,West,Success
TXN_0001626,CUST_00460,781.74,2024-11-21,4,North,Success
TXN_0001627,CUST_00301,6319.41,2024-06-26,5,South,Success
TXN_0001628,CUST_00919,3907.34,2024-12-22,6,West,Success
TXN_0001629,CUST_00287,971.88,2024-01-03,5,West,Success
TXN_0001630,CUST_01034,3589.73,2024-08-01,2,South,Success
TXN_0001631,CUST_00630,7145.8,2024-12-07,1,South,Success
TXN_0001632,CUST_00270,2155.52,2024-03-14,5,East,Success
TXN_0001633,CUST_00592,17660.01,2024-02-20,2,South,Success
TXN_0001634,CUST_00844,555.99,2024-03-07,4,South,Success
TXN_0001635,CUST_00862,3847.04,2024-11-27,4,South,Success
TXN_0001636,CUST_00133,5615.14,2024-04-02,4,East,Success
TXN_0001637,CUST_00972,4505.59,2024-06-24,6,South,Success
TXN_0001638,CUST_00513,1875.28,2024-05-24,5,North,Success
TXN_0001639,CUST_00313,1750.48,2024-01-07,4,West,Success
TXN_0001640,CUST_00576,3150.5,2024-09-25,4,North,Success
TXN_0001641,CUST_00886,4241.21,2024-11-17,4,East,Success
TXN_0001642,CUST_01145,3575.92,2024-01-04,2,East,Success
TXN_0001643,CUST_01131,5074.82,2024-05-17,8,East,Success
TXN_0001644,CUST_00687,977.41,2024-08-18,7,East,Success
TXN_0001645,CUST_00165,1840.48,2024-03-28,6,East,Success
TXN_0001646,CUST_00305,1041.05,2024-01-17,10,West,Success
TXN_0001647,CUST_00156,1621.5,2024-02-21,10,South,Success
TXN_0001648,CUST_00620,4974.98,2024-05-13,4,North,Success
TXN_0001649,CUST_00957,2407.6,2024-07-29,4,North,Success
TXN_0001650,CUST_00334,17773.92,2024-11-20,11,South,Success
TXN_0001651,CUST_00969,2577.89,2024-08-06,7,East,Success
TXN_0001652,CUST_00511,2316.36,2024-07-23,7,South,Success
TXN_0001653,CUST_01044,2404.14,2024-07-29,7,East,Success
TXN_0001654,CUST_00282,1325.78,2024-10-03,6,West,Success
TXN_0001655,CUST_00797,2108.5,2024-01-24,4,North,Success
TXN_0001656,CUST_01025,5443.79,2024-01-04,8,North,Success
TXN_0001657,CUST_00119,2419.16,2024-05-31,6,West,Success
TXN_0001658,CUST_01059,1170.55,2024-09-15,9,West,Success
TXN_0001659,CUST_00198,1053.56,2024-11-19,6,East,Success
TXN_0001660,CUST_00485,1540.46,2024-12-22,2,South,Fail
TXN_0001661,CUST_01083,2342.77,2024-06-16,9,East,Success
TXN_0001662,CUST_00837,5738.02,2024-06-24,2,East,Success
TXN_0001663,CUST_01185,755.67,2024-11-05,3,North,Success
TXN_0001664,CUST_01009,1709.81,2024-10-17,6,East,Success
TXN_0001665,CUST_00691,2478.6,2024-02-25,6,South,Success
TXN_0001666,CUST_01036,509.3,2024-04-17,6,East,Success
TXN_0001667,CUST_00490,1133.56,2024-10-22,7,North,Success
TXN_0001668,CUST_00276,1281.89,2024-11-19,13,South,Success
TXN_0001669,CUST_00693,1168.21,2024-10-28,5,South,Success
TXN_0001670,CUST_00242,2574.76,2024-11-29,4,North,Success
TXN_0001671,CUST_00126,1942.15,2024-05-20,5,North,Success
TXN_0001672,CUST_00217,1416.25,2024-06-03,2,East,Success
TXN_0001673,CUST_01063,3109.98,2024-09-18,5,North,Success
TXN_0001674,CUST_00495,8764.46,2024-09-29,8,West,Success
TXN_0001675,CUST_00427,8196.03,2024-08-19,3,North,Success
TXN_0001676,CUST_00919,474.27,2024-08-28,3,West,Success
TXN_0001677,CUST_00151,3503.99,2024-12-20,2,North,Success
TXN_0001678,CUST_00384,1915.21,2024-12-02,5,West,Success
TXN_0001679,CUST_00308,2500.2,2024-09-14,5,West,Success
TXN_0001680,CUST_00746,1605.79,2024-09-05,3,North,Success
TXN_0001681,CUST_00892,2426.17,2024-03-17,8,South,Success
TXN_0001682,CUST_00375,2492.71,2024-06-28,6,South,Success
TXN_0001683,CUST_01032,1389.69,2024-03-06,5,West,Success
TXN_0001684,CUST_00129,1078.05,2024-11-03,6,South,Success
TXN_0001685,CUST_01015,1542.32,2024-12-13,5,North,Success
TXN_0001686,CUST_00669,2663.53,2024-06-19,8,West,Success
TXN_0001687,CUST_00517,3565.99,2024-01-22,6,East,Success
TXN_0001688,CUST_00086,4370.7,2024-04-16,6,West,Success
TXN_0001689,CUST_01199,1487.2,2024-11-18,6,East,Success
TXN_0001690,CUST_00311,2771.31,2024-08-14,3,East,Success
TXN_0001691,CUST_01143,4769.53,2024-08-03,4,West,Success
TXN_0001692,CUST_00427,5610.95,2024-03-09,6,East,Success
TXN_0001693,CUST_00114,2106.82,2024-03-24,4,South,Success
TXN_0001694,CUST_01169,1850.58,2024-04-12,4,East,Success
TXN_0001695,CUST_00303,2573.18,2024-02-08,3,South,Success
TXN_0001696,CUST_00744,880.27,2024-01-13,6,West,Success
TXN_0001697,CUST_00588,1891.48,2024-10-23,5,East,Success
TXN_0001698,CUST_00987,4006.48,2024-11-08,9,East,Success
TXN_0001699,CUST_00345,3690.65,2024-06-29,8,South,Success
TXN_0001700,CUST_00814,1778.96,2024-09-24,1,South,Success
TXN_0001701,CUST_00801,2628.52,2024-01-13,6,West,Success
TXN_0001702,CUST_01025,1141.71,2024-04-29,8,West,Success
TXN_0001703,CUST_01171,3876.91,2024-12-18,3,East,Success
TXN_0001704,CUST_01077,2075.05,2024-02-26,9,North,Success
TXN_0001705,CUST_01093,1770.89,2024-02-09,4,East,Fail
TXN_0001706,CUST_00361,1653.45,2024-12-01,3,East,Success
TXN_0001707,CUST_01010,2099.98,2024-05-07,8,West,Success
TXN_0001708,CUST_00704,1543.33,2024-06-21,4,West,Success
TXN_0001709,CUST_00575,3738.78,2024-02-04,5,East,Success
TXN_0001710,CUST_01185,1609.65,2024-09-15,7,South,Success
TXN_0001711,CUST_01113,7898.05,2024-01-05,8,West,Success
TXN_0001712,CUST_00688,7130.73,2024-08-05,4,East,Fail
TXN_0001713,CUST_00781,1082.22,2024-01-11,3,North,Success
TXN_0001714,CUST_00585,2334.99,2024-11-22,8,East,Success
TXN_0001715,CUST_00589,1312.22,2024-04-26,4,North,Success
TXN_0001716,CUST_01183,1700.51,2024-07-02,6,North,Success
TXN_0001717,CUST_00489,10959.28,2024-12-27,4,North,Success
TXN_0001718,CUST_00971,1726.66,2024-04-25,3,East,Success
TXN_0001719,CUST_01126,2945.93,2024-06-10,6,West,Success
TXN_0001720,CUST_00494,3405.19,2024-03-07,6,South,Success
TXN_0001721,CUST_00019,991.78,2024-07-18,11,South,Success
TXN_0001722,CUST_00397,1114.24,2024-01-31,6,East,Success
TXN_0001723,CUST_01001,841.5,2024-03-15,5,East,Success
TXN_0001724,CUST_00851,1087.05,2024-08-24,6,North,Success
TXN_0001725,CUST_00822,225.87,2024-11-22,5,West,Success
TXN_0001726,CUST_00455,3414.09,2024-03-06,6,East,Success
TXN_0001727,CUST_00725,11422.67,2024-03-10,7,South,Success
TXN_0001728,CUST_01089,2485.57,2024-10-23,4,East,Success
TXN_0001729,CUST_01100,711.22,2024-01-20,5,West,Success
TXN_0001730,CUST_00711,1320.52,2024-08-13,7,West,Success
TXN_0001731,CUST_00143,1529.81,2024-07-17,5,East,Success
TXN_0001732,CUST_00917,978.41,2024-02-08,5,East,Success
TXN_0001733,CUST_00828,4394.66,2024-05-24,6,West,Success
TXN_0001734,CUST_00605,4222.61,2024-02-14,4,West,Success
TXN_0001735,CUST_00305,876.24,2024-11-21,6,North,Success
TXN_0001736,CUST_00736,3944.45,2024-03-31,4,East,Success
TXN_0001737,CUST_00291,7490.94,2024-08-25,4,East,Success
TXN_0001738,CUST_00102,10117.75,2024-03-10,11,East,Success
TXN_0001739,CUST_00867,21854.66,2024-06-14,4,South,Fail
TXN_0001740,CUST_00968,1073.21,2024-05-09,5,North,Success
TXN_0001741,CUST_00974,21149.6,2024-08-01,3,West,Fail
TXN_0001742,CUST_00842,1663.43,2024-12-05,6,North,Success
TXN_0001743,CUST_00962,1374.75,2024-03-29,4,South,Success
TXN_0001744,CUST_00942,2868.83,2024-11-30,7,North,Success
TXN_0001745,CUST_01027,1386.24,2024-09-08,5,South,Success
TXN_0001746,CUST_00085,3038.85,2024-12-14,4,North,Success
TXN_0001747,CUST_00328,768.11,2024-03-12,4,North,Fail
TXN_0001748,CUST_00816,1824.38,2024-06-13,3,North,Success
TXN_0001749,CUST_00454,6176.25,2024-02-18,3,East,Success
TXN_0001750,CUST_00629,2109.81,2024-02-21,3,West,Success
TXN_0001751,CUST_01178,2473.22,2024-10-15,7,North,Success
TXN_0001752,CUST_00665,3229.9,2024-10-04,7,East,Fail
TXN_0001753,CUST_00012,5633.74,2024-04-23,6,East,Success
TXN_0001754,CUST_01157,587.47,2024-08-26,5,East,Success
TXN_0001755,CUST_00304,3524.94,2024-05-12,5,South,Success
TXN_0001756,CUST_00975,1781.99,2024-09-30,3,North,Fail
TXN_0001757,CUST_00783,2523.27,2024-06-14,5,West,Success
TXN_0001758,CUST_00043,5156.23,2024-10-19,10,North,Success
TXN_0001759,CUST_00944,849.5,2024-08-30,4,North,Success
TXN_0001760,CUST_00343,982.29,2024-11-15,5,West,Fail
TXN_0001761,CUST_00498,469.49,2024-05-17,4,East,Success
TXN_0001762,CUST_00364,1423.21,2024-03-19,6,North,Success
TXN_0001763,CUST_00891,6401.87,2024-06-18,7,East,Success
TXN_0001764,CUST_00427,2005.26,2024-05-02,3,East,Success
TXN_0001765,CUST_01005,755.89,2024-06-24,7,East,Success
TXN_0001766,CUST_00021,1497.36,2024-10-26,5,West,Success
TXN_0001767,CUST_00407,671.63,2024-03-22,1,East,Success
TXN_0001768,CUST_00619,897.71,2024-03-27,3,North,Success
TXN_0001769,CUST_01015,3014.1,2024-08-12,5,East,Success
TXN_0001770,CUST_00336,863.42,2024-01-16,5,South,Fail
TXN_0001771,CUST_01141,5378.19,2024-11-05,6,South,Success
TXN_0001772,CUST_01148,2086.21,2024-12-23,8,South,Success
TXN_0001773,CUST_00399,2364.86,2024-06-11,7,East,Success
TXN_0001774,CUST_00793,1767.47,2024-04-07,8,North,Success
TXN_0001775,CUST_00715,4098.1,2024-06-04,6,North,Success
TXN_0001776,CUST_00051,4132.05,2024-01-02,7,East,Success
TXN_0001777,CUST_00324,2887.2,2024-12-15,4,East,Success
TXN_0001778,CUST_00789,3469.73,2024-06-17,4,West,Success
TXN_0001779,CUST_00141,1863.72,2024-11-10,4,East,Success
TXN_0001780,CUST_00470,3407.6,2024-11-20,4,South,Success
TXN_0001781,CUST_00787,1685.3,2024-04-01,4,West,Success
TXN_0001782,CUST_00964,2212.29,2024-06-29,7,West,Success
TXN_0001783,CUST_01008,1772.75,2024-08-18,5,East,Fail
TXN_0001784,CUST_00373,1531.84,2024-10-27,6,East,Success
TXN_0001785,CUST_00494,1272.46,2024-05-27,1,West,Success
TXN_0001786,CUST_00751,3210.4,2024-10-06,4,West,Success
TXN_0001787,CUST_01180,6301.13,2024-07-07,5,West,Success
TXN_0001788,CUST_00291,5635.73,2024-12-12,2,West,Success
TXN_0001789,CUST_01168,808.15,2024-12-15,5,West,Success
TXN_0001790,CUST_00106,6194.16,2024-11-09,7,North,Success
TXN_0001791,CUST_00670,1712.1,2024-05-07,8,West,Success
TXN_0001792,CUST_00002,3570.95,2024-01-07,5,West,Success
TXN_0001793,CUST_00589,1069.59,2024-02-16,3,North,Success
TXN_0001794,CUST_00644,2473.98,2024-02-22,4,South,Success
TXN_0001795,CUST_00090,2838.35,2024-07-05,4,South,Success
TXN_0001796,CUST_00350,673.38,2024-02-07,5,South,Success
TXN_0001797,CUST_01132,3592.54,2024-08-13,4,South,Success
TXN_0001798,CUST_01063,6481.76,2024-02-22,2,East,Success
TXN_0001799,CUST_00909,1920.39,2024-08-11,7,East,Success
TXN_0001800,CUST_00159,6555.99,2024-06-02,6,West,Success
TXN_0001801,CUST_00959,1897.41,2024-02-17,8,West,Success
TXN_0001802,CUST_00312,4357.56,2024-12-16,3,South,Success
TXN_0001803,CUST_00445,374.33,2024-05-26,7,South,Success
TXN_0001804,CUST_00298,15291.04,2024-03-04,3,North,Success
TXN_0001805,CUST_00952,7305.38,2024-12-14,3,North,Success
TXN_0001806,CUST_00036,1758.65,2024-06-30,6,North,Fail
TXN_0001807,CUST_01108,455.93,2024-05-04,5,South,Success
TXN_0001808,CUST_01196,2780.6,2024-06-27,6,North,Success
TXN_0001809,CUST_00559,695.66,2024-02-08,10,West,Success
TXN_0001810,CUST_00891,3152.28,2024-09-16,6,South,Success
TXN_0001811,CUST_00141,3069.45,2024-01-03,4,East,Success
TXN_0001812,CUST_00887,1039.9,2024-03-04,4,South,Success
TXN_0001813,CUST_01142,5414.16,2024-01-29,2,East,Success
TXN_0001814,CUST_00726,4206.81,2024-01-11,1,East,Success
TXN_0001815,CUST_01050,4820.62,2024-04-06,4,South,Success
TXN_0001816,CUST_00521,2224.05,2024-12-23,6,North,Success
TXN_0001817,CUST_00010,711.65,2024-07-21,2,West,Success
TXN_0001818,CUST_00984,4828.53,2024-01-21,3,South,Success
TXN_0001819,CUST_00378,1778.82,2024-02-08,4,North,Success
TXN_0001820,CUST_00682,726.45,2024-08-10,5,East,Success
TXN_0001821,CUST_00584,6513.5,2024-04-11,5,East,Success
TXN_0001822,CUST_00152,11843.4,2024-02-15,6,East,Success
TXN_0001823,CUST_00720,2136.67,2024-03-06,6,East,Success
TXN_0001824,CUST_01073,12422.9,2024-03-31,5,South,Success
TXN_0001825,CUST_01178,2375.71,2024-06-12,6,West,Success
TXN_0001826,CUST_00859,1628.86,2024-04-20,6,East,Success
TXN_0001827,CUST_00050,1333.59,2024-12-03,6,North,Success
TXN_0001828,CUST_00664,8181.79,2024-05-02,5,North,Success
TXN_0001829,CUST_00531,1183.09,2024-07-11,3,West,Success
TXN_0001830,CUST_01084,3976.73,2024-04-08,5,West,Success
TXN_0001831,CUST_01191,1411.87,2024-10-17,4,West,Success
TXN_0001832,CUST_00857,1528.06,2024-06-07,11,East,Success
TXN_0001833,CUST_00146,5035.16,2024-04-12,3,South,Fail
TXN_0001834,CUST_00915,1629.41,2024-10-07,9,East,Success
TXN_0001835,CUST_00993,1597.45,2024-02-12,2,East,Success
TXN_0001836,CUST_00242,5465.68,2024-03-24,2,North,Success
TXN_0001837,CUST_00581,7926.11,2024-07-09,6,South,Success
TXN_0001838,CUST_00687,3698.76,2024-02-20,6,South,Success
TXN_0001839,CUST_00483,1307.91,2024-07-28,3,North,Success
TXN_0001840,CUST_01132,1467.79,2024-05-05,6,North,Success
TXN_0001841,CUST_00673,2354.14,2024-03-09,9,North,Success
TXN_0001842,CUST_00631,2854.76,2024-09-21,9,West,Success
TXN_0001843,CUST_00661,1001.95,2024-09-14,6,South,Success
TXN_0001844,CUST_00662,3938.01,2024-07-06,4,North,Success
TXN_0001845,CUST_00805,2364.71,2024-08-17,6,North,Success
TXN_0001846,CUST_00419,559.72,2024-07-07,4,North,Success
TXN_0001847,CUST_00988,1050.33,2024-01-10,6,East,Success
TXN_0001848,CUST_01184,1475.42,2024-04-23,5,South,Success
TXN_0001849,CUST_00650,2083.31,2024-03-16,3,South,Success
TXN_0001850,CUST_00969,10010.83,2024-06-12,11,West,Success
TXN_0001851,CUST_00590,2671.88,2024-03-25,4,East,Success
TXN_0001852,CUST_01101,1127.08,2024-02-18,4,South,Success
TXN_0001853,CUST_00509,2634.65,2024-11-21,7,West,Success
TXN_0001854,CUST_00441,1666.25,2024-06-25,6,West,Success
TXN_0001855,CUST_00921,2863.52,2024-08-05,8,North,Success
TXN_0001856,CUST_00770,3513.8,2024-07-07,5,West,Success
TXN_0001857,CUST_00263,5810.28,2024-12-11,6,West,Fail
TXN_0001858,CUST_00637,2165.86,2024-08-17,4,East,Success
TXN_0001859,CUST_01191,8194.09,2024-09-11,3,North,Success
TXN_0001860,CUST_00459,4566.12,2024-08-23,3,North,Success
TXN_0001861,CUST_00999,1253.94,2024-01-26,5,North,Success
TXN_0001862,CUST_00700,12937.49,2024-03-12,6,West,Fail
TXN_0001863,CUST_00302,2868.65,2024-09-17,6,North,Fail
TXN_0001864,CUST_01126,1132.18,2024-09-10,7,South,Success
TXN_0001865,CUST_00554,8286.06,2024-09-27,8,East,Success
TXN_0001866,CUST_00288,11640.23,2024-05-02,7,East,Success
TXN_0001867,CUST_01191,2150.77,2024-05-23,3,West,Success
TXN_0001868,CUST_00621,1475.98,2024-09-13,2,North,Success
TXN_0001869,CUST_01006,1923.88,2024-05-23,6,East,Success
TXN_0001870,CUST_00036,3911.93,2024-09-15,7,West,Success
TXN_0001871,CUST_00744,6138.19,2024-02-16,5,West,Success
TXN_0001872,CUST_00353,3485.58,2024-12-16,7,East,Success
TXN_0001873,CUST_00073,2395.58,2024-01-13,8,North,Success
TXN_0001874,CUST_00648,7320.32,2024-07-26,3,North,Fail
TXN_0001875,CUST_01094,1719.4,2024-11-06,6,South,Success
TXN_0001876,CUST_00425,5037.85,2024-08-22,3,South,Success
TXN_0001877,CUST_00999,1753.82,2024-05-28,7,North,Success
TXN_0001878,CUST_00708,3117.6,2024-11-17,8,South,Success
TXN_0001879,CUST_00561,2016.56,2024-06-03,5,South,Success
TXN_0001880,CUST_00828,2111.85,2024-06-14,6,East,Success
TXN_0001881,CUST_00956,1632.86,2024-03-30,5,North,Success
TXN_0001882,CUST_00517,6476.16,2024-07-04,5,East,Success
TXN_0001883,CUST_00428,1228.64,2024-11-13,3,East,Success
TXN_0001884,CUST_00160,1221.47,2024-12-23,5,West,Success
TXN_0001885,CUST_00149,12049.7,2024-06-22,9,North,Success
TXN_0001886,CUST_00776,4828.44,2024-08-04,3,East,Success
TXN_0001887,CUST_00067,327.64,2024-09-20,2,South,Success
TXN_0001888,CUST_01014,1405.0,2024-04-06,8,West,Success
TXN_0001889,CUST_00381,518.22,2024-04-26,3,South,Success
TXN_0001890,CUST_00058,1032.2,2024-07-17,3,West,Success
TXN_0001891,CUST_00342,179.32,2024-11-15,4,South,Success
TXN_0001892,CUST_01154,1979.12,2024-01-21,6,South,Success
TXN_0001893,CUST_00727,885.76,2024-07-18,5,South,Success
TXN_0001894,CUST_01196,2316.76,2024-12-06,6,East,Success
TXN_0001895,CUST_00770,601.79,2024-09-04,7,North,Success
TXN_0001896,CUST_00614,2359.79,2024-10-02,4,West,Success
TXN_0001897,CUST_00354,1584.57,2024-09-20,5,East,Success
TXN_0001898,CUST_00116,7343.44,2024-02-27,5,West,Success
TXN_0001899,CUST_00662,6830.04,2024-10-28,5,East,Success
TXN_0001900,CUST_00453,4139.28,2024-01-31,4,West,Success
TXN_0001901,CUST_00287,1700.55,2024-09-05,6,West,Success
TXN_0001902,CUST_01017,10810.84,2024-04-02,7,South,Success
TXN_0001903,CUST_00311,637.51,2024-09-21,7,West,Success
TXN_0001904,CUST_00208,718.49,2024-09-27,3,West,Success
TXN_0001905,CUST_00618,2065.18,2024-04-03,7,South,Success
TXN_0001906,CUST_00446,13402.96,2024-06-02,6,East,Success
TXN_0001907,CUST_00670,1878.31,2024-10-11,5,East,Success
TXN_0001908,CUST_00633,1907.22,2024-03-20,7,North,Success
TXN_0001909,CUST_00055,696.78,2024-10-18,1,North,Success
TXN_0001910,CUST_00912,4706.71,2024-03-24,6,North,Success
TXN_0001911,CUST_01036,4734.07,2024-12-30,3,North,Success
TXN_0001912,CUST_00657,4151.65,2024-02-06,7,West,Success
TXN_0001913,CUST_00980,1334.92,2024-12-07,8,West,Success
TXN_0001914,CUST_00515,1254.68,2024-11-22,5,North,Success
TXN_0001915,CUST_00237,784.86,2024-08-19,5,South,Success
TXN_0001916,CUST_00348,2361.61,2024-04-02,8,North,Success
TXN_0001917,CUST_00627,930.46,2024-12-01,3,East,Success
TXN_0001918,CUST_01128,860.98,2024-04-11,7,West,Success
TXN_0001919,CUST_00630,1573.48,2024-06-14,3,South,Success
TXN_0001920,CUST_00364,1493.2,2024-06-07,6,East,Success
TXN_0001921,CUST_00321,1436.0,2024-01-14,5,South,Success
TXN_0001922,CUST_00286,3207.21,2024-08-12,4,South,Success
TXN_0001923,CUST_00149,2352.51,2024-03-13,2,North,Success
TXN_0001924,CUST_01108,1753.69,2024-09-05,3,East,Success
TXN_0001925,CUST_00406,2556.54,2024-03-31,4,North,Fail
TXN_0001926,CUST_00978,999.02,2024-08-03,4,East,Success
TXN_0001927,CUST_00456,2402.4,2024-03-30,3,West,Success
TXN_0001928,CUST_00800,2491.11,2024-01-29,9,East,Success
TXN_0001929,CUST_01185,663.52,2024-10-31,6,West,Success
TXN_0001930,CUST_01013,4897.87,2024-08-07,5,West,Fail
TXN_0001931,CUST_00784,1091.0,2024-11-23,3,North,Success
TXN_0001932,CUST_00460,2373.8,2024-08-02,7,West,Success
TXN_0001933,CUST_00738,5605.64,2024-08-08,5,North,Success
TXN_0001934,CUST_00509,4631.06,2024-02-11,5,South,Success
TXN_0001935,CUST_00481,2269.84,2024-05-14,4,South,Success
TXN_0001936,CUST_00114,1652.43,2024-02-11,4,South,Success
TXN_0001937,CUST_00749,4712.67,2024-06-12,6,East,Success
TXN_0001938,CUST_00361,3788.62,2024-12-26,5,West,Success
TXN_0001939,CUST_00341,1346.56,2024-10-09,4,North,Success
TXN_0001940,CUST_00770,1169.21,2024-02-27,3,South,Success
TXN_0001941,CUST_00761,420.78,2024-10-28,5,North,Success
TXN_0001942,CUST_00969,2497.95,2024-11-17,4,South,Success
TXN_0001943,CUST_00449,2066.98,2024-01-25,6,West,Success
TXN_0001944,CUST_00835,5480.51,2024-03-13,5,South,Success
TXN_0001945,CUST_00311,2943.17,2024-05-08,3,North,Success
TXN_0001946,CUST_00262,6421.35,2024-03-27,2,South,Success
TXN_0001947,CUST_00406,1264.09,2024-11-25,7,North,Fail
TXN_0001948,CUST_00143,5489.1,2024-06-01,4,South,Success
TXN_0001949,CUST_00342,1446.45,2024-06-30,3,North,Success
TXN_0001950,CUST_01125,4113.69,2024-05-04,3,South,Success
TXN_0001951,CUST_00244,687.45,2024-03-07,5,West,Success
TXN_0001952,CUST_00490,2665.4,2024-01-06,6,South,Success
TXN_0001953,CUST_00012,451.35,2024-05-04,6,East,Success
TXN_0001954,CUST_00561,1783.42,2024-11-09,4,North,Success
TXN_0001955,CUST_00042,3140.96,2024-11-21,4,South,Success
TXN_0001956,CUST_00678,1455.68,2024-02-22,3,East,Success
TXN_0001957,CUST_00594,953.03,2024-03-06,4,North,Success
TXN_0001958,CUST_01182,4345.49,2024-11-09,5,South,Success
TXN_0001959,CUST_00134,2032.92,2024-03-22,7,South,Success
TXN_0001960,CUST_01091,1492.7,2024-03-27,4,West,Success
TXN_0001961,CUST_01031,2283.62,2024-01-02,6,South,Success
TXN_0001962,CUST_00948,18202.88,2024-07-22,6,North,Success
TXN_0001963,CUST_00073,5556.94,2024-05-29,5,East,Success
TXN_0001964,CUST_00399,5597.41,2024-10-19,5,South,Success
TXN_0001965,CUST_00578,3128.9,2024-04-12,3,East,Success
TXN_0001966,CUST_00859,2522.96,2024-01-24,5,North,Success
TXN_0001967,CUST_00130,324.78,2024-07-30,4,North,Success
TXN_0001968,CUST_00931,1282.82,2024-03-05,7,South,Success
TXN_0001969,CUST_00266,1503.48,2024-07-27,4,West,Fail
TXN_0001970,CUST_00793,492.79,2024-09-07,2,South,Fail
TXN_0001971,CUST_00253,874.86,2024-04-26,4,West,Success
TXN_0001972,CUST_00822,452.75,2024-04-25,4,South,Success
TXN_0001973,CUST_00164,2141.67,2024-08-24,6,East,Success
TXN_0001974,CUST_00095,4251.44,2024-04-14,7,West,Success
TXN_0001975,CUST_00833,5353.04,2024-09-15,9,West,Fail
TXN_0001976,CUST_01134,3077.36,2024-02-15,4,East,Success
TXN_0001977,CUST_00336,1021.76,2024-11-06,3,South,Success
TXN_0001978,CUST_00822,470.76,2024-11-26,7,North,Fail
TXN_0001979,CUST_00238,541.59,2024-08-03,5,North,Success
TXN_0001980,CUST_00381,800.16,2024-10-27,8,South,Success
TXN_0001981,CUST_00899,1084.54,2024-11-28,4,East,Success
TXN_0001982,CUST_00483,1943.41,2024-01-24,7,North,Success
TXN_0001983,CUST_00902,981.09,2024-02-04,8,East,Success
TXN_0001984,CUST_01049,2896.28,2024-01-24,4,South,Fail
TXN_0001985,CUST_01141,1833.87,2024-01-28,3,East,Success
TXN_0001986,CUST_00482,2227.06,2024-01-16,5,East,Success
TXN_0001987,CUST_00917,5498.33,2024-02-28,6,East,Success
TXN_0001988,CUST_00994,859.04,2024-08-30,7,North,Success
TXN_0001989,CUST_00964,3087.03,2024-07-25,7,East,Success
TXN_0001990,CUST_00537,2183.8,2024-09-27,5,West,Success
TXN_0001991,CUST_01103,1691.23,2024-09-05,7,East,Success
TXN_0001992,CUST_01197,4483.71,2024-09-23,3,East,Fail
TXN_0001993,CUST_01036,4461.37,2024-07-11,5,South,Fail
TXN_0001994,CUST_00128,1035.67,2024-11-30,3,East,Success
TXN_0001995,CUST_00092,1908.88,2024-08-05,4,East,Success
TXN_0001996,CUST_00543,2765.48,2024-04-24,5,North,Success
TXN_0001997,CUST_00846,1775.07,2024-03-08,5,West,Success
TXN_0001998,CUST_00989,3526.34,2024-10-25,9,South,Success
TXN_0001999,CUST_00447,2765.44,2024-11-20,3,West,Success
TXN_0002000,CUST_00390,9566.75,2024-03-15,7,East,Success
TXN_0002001,CUST_00672,649.22,2024-04-12,4,North,Success
TXN_0002002,CUST_00043,2002.3,2024-10-23,4,West,Success
TXN_0002003,CUST_00254,1067.63,2024-06-26,6,West,Fail
TXN_0002004,CUST_01154,3580.6,2024-08-02,4,West,Success
TXN_0002005,CUST_01084,605.63,2024-11-10,7,West,Success
TXN_0002006,CUST_00663,2913.32,2024-02-08,7,West,Success
TXN_0002007,CUST_00467,1334.03,2024-09-15,5,North,Success
TXN_0002008,CUST_00287,1227.42,2024-07-22,3,East,Success
TXN_0002009,CUST_01011,694.23,2024-01-07,6,North,Success
TXN_0002010,CUST_00778,1522.24,2024-02-18,6,North,Success
TXN_0002011,CUST_00345,5258.5,2024-01-26,3,North,Success
TXN_0002012,CUST_00642,2164.29,2024-06-09,4,North,Success
TXN_0002013,CUST_00382,3648.77,2024-12-22,6,East,Success
TXN_0002014,CUST_00690,8364.18,2024-06-24,8,East,Success
TXN_0002015,CUST_01080,2727.13,2024-03-19,8,North,Success
TXN_0002016,CUST_00457,1412.28,2024-01-02,1,West,Success
TXN_0002017,CUST_00983,3209.28,2024-05-11,3,East,Success
TXN_0002018,CUST_00083,1428.76,2024-10-02,4,East,Success
TXN_0002019,CUST_01123,1475.07,2024-04-26,9,North,Fail
TXN_0002020,CUST_00149,654.64,2024-06-12,8,West,Success
TXN_0002021,CUST_01180,4633.21,2024-10-14,7,West,Success
TXN_0002022,CUST_00190,1621.65,2024-01-28,6,North,Success
TXN_0002023,CUST_00883,2554.67,2024-11-28,3,North,Success
TXN_0002024,CUST_00263,964.13,2024-01-01,3,East,Success
TXN_0002025,CUST_01104,3129.91,2024-07-06,3,East,Success
TXN_0002026,CUST_00400,1200.44,2024-02-25,2,South,Success
TXN_0002027,CUST_00764,1971.66,2024-02-04,4,South,Success
TXN_0002028,CUST_00609,4457.13,2024-04-21,4,North,Success
TXN_0002029,CUST_00785,4157.24,2024-10-12,4,South,Success
TXN_0002030,CUST_00101,2169.77,2024-11-05,3,West,Success
TXN_0002031,CUST_00820,536.73,2024-02-05,7,West,Success
TXN_0002032,CUST_00820,24203.4,2024-08-04,5,West,Success
TXN_0002033,CUST_00420,8925.67,2024-03-20,8,East,Success
TXN_0002034,CUST_00124,3936.86,2024-11-09,5,South,Success
TXN_0002035,CUST_00422,1208.86,2024-03-23,8,South,Success
TXN_0002036,CUST_01087,2016.52,2024-03-05,2,North,Success
TXN_0002037,CUST_00768,1429.76,2024-11-20,6,East,Success
TXN_0002038,CUST_00483,6069.82,2024-05-07,6,East,Fail
TXN_0002039,CUST_00519,2724.4,2024-11-02,5,East,Success
TXN_0002040,CUST_00155,1179.29,2024-01-22,5,West,Success
TXN_0002041,CUST_00092,1515.34,2024-08-03,11,East,Success
TXN_0002042,CUST_00982,5415.12,2024-04-16,2,South,Fail
TXN_0002043,CUST_00455,7943.25,2024-04-18,6,North,Success
TXN_0002044,CUST_00598,7500.05,2024-12-22,4,South,Success
TXN_0002045,CUST_00510,4046.57,2024-06-29,5,East,Success
TXN_0002046,CUST_00386,1804.25,2024-12-21,6,North,Success
TXN_0002047,CUST_00405,165.14,2024-06-12,1,West,Success
TXN_0002048,CUST_00246,2800.99,2024-03-08,5,North,Success
TXN_0002049,CUST_00742,2205.12,2024-10-18,6,East,Success
TXN_0002050,CUST_00661,2470.03,2024-06-28,5,East,Fail
TXN_0002051,CUST_00650,2305.65,2024-06-29,4,North,Success
TXN_0002052,CUST_00901,764.32,2024-06-17,6,East,Fail
TXN_0002053,CUST_00065,3449.3,2024-01-22,3,East,Success
TXN_0002054,CUST_01037,3662.03,2024-03-06,3,East,Success
TXN_0002055,CUST_00213,3811.85,2024-01-21,5,East,Success
TXN_0002056,CUST_00242,4709.14,2024-04-09,7,North,Success
TXN_0002057,CUST_00493,3580.44,2024-10-26,5,North,Success
TXN_0002058,CUST_00338,1590.77,2024-04-12,8,South,Success
TXN_0002059,CUST_00173,2086.68,2024-02-16,8,West,Fail
TXN_0002060,CUST_00672,2375.35,2024-02-08,2,West,Success
TXN_0002061,CUST_00164,2407.06,2024-10-11,3,South,Success
TXN_0002062,CUST_00465,4907.77,2024-11-05,5,North,Success
TXN_0002063,CUST_00995,3695.74,2024-03-30,4,South,Success
TXN_0002064,CUST_00497,11636.18,2024-03-25,4,East,Success
TXN_0002065,CUST_00700,12902.48,2024-09-29,4,East,Success
TXN_0002066,CUST_00395,2353.64,2024-12-01,4,West,Success
TXN_0002067,CUST_00703,102.58,2024-07-06,6,North,Success
TXN_0002068,CUST_00308,5940.01,2024-06-07,3,West,Success
TXN_0002069,CUST_00183,1433.25,2024-08-30,4,South,Success
TXN_0002070,CUST_00629,1163.06,2024-03-13,4,West,Success
TXN_0002071,CUST_00510,1605.59,2024-02-18,6,West,Success
TXN_0002072,CUST_00546,1544.86,2024-04-10,6,East,Success
TXN_0002073,CUST_00624,3604.06,2024-01-02,5,West,Success
TXN_0002074,CUST_00594,634.26,2024-08-31,8,South,Success
TXN_0002075,CUST_00744,932.46,2024-06-24,6,North,Fail
TXN_0002076,CUST_00554,2905.98,2024-08-25,4,West,Success
TXN_0002077,CUST_00021,3634.97,2024-02-28,6,North,Success
TXN_0002078,CUST_00554,3689.45,2024-12-18,11,South,Success
TXN_0002079,CUST_00397,1176.58,2024-04-08,3,West,Success
TXN_0002080,CUST_00625,1009.68,2024-12-24,2,North,Success
TXN_0002081,CUST_00105,1472.46,2024-01-02,4,East,Success
TXN_0002082,CUST_00192,2675.52,2024-08-30,6,East,Success
TXN_0002083,CUST_00017,7247.28,2024-10-23,6,South,Success
TXN_0002084,CUST_01144,429.25,2024-07-29,4,West,Success
TXN_0002085,CUST_00393,1850.88,2024-05-02,6,South,Fail
TXN_0002086,CUST_00425,760.41,2024-08-16,5,North,Success
TXN_0002087,CUST_00129,588.87,2024-03-22,7,North,Success
TXN_0002088,CUST_01154,4786.55,2024-05-23,4,South,Success
TXN_0002089,CUST_00572,3414.2,2024-05-19,3,North,Success
TXN_0002090,CUST_00029,3163.86,2024-01-29,6,South,Success
TXN_0002091,CUST_01121,4613.86,2024-09-26,5,South,Success
TXN_0002092,CUST_01034,1504.51,2024-09-03,3,East,Success
TXN_0002093,CUST_00242,1562.26,2024-01-12,9,North,Success
TXN_0002094,CUST_00232,12690.19,2024-12-20,5,South,Success
TXN_0002095,CUST_00789,1813.01,2024-12-02,3,East,Success
TXN_0002096,CUST_00715,3976.29,2024-04-15,13,South,Success
TXN_0002097,CUST_00759,2219.65,2024-02-01,6,North,Success
TXN_0002098,CUST_00802,503.4,2024-03-14,7,East,Success
TXN_0002099,CUST_00776,430.22,2024-06-19,4,North,Success
TXN_0002100,CUST_00726,1389.66,2024-12-02,5,West,Success
TXN_0002101,CUST_00200,5140.37,2024-03-09,4,West,Success
TXN_0002102,CUST_00945,4149.04,2024-10-27,7,West,Success
TXN_0002103,CUST_00079,4588.29,2024-12-27,7,West,Success
TXN_0002104,CUST_00956,1002.61,2024-05-16,3,East,Success
TXN_0002105,CUST_00856,8044.13,2024-04-09,1,North,Success
TXN_0002106,CUST_01197,1020.54,2024-05-25,7,South,Success
TXN_0002107,CUST_00467,2618.24,2024-01-09,5,South,Success
TXN_0002108,CUST_00581,2190.13,2024-03-02,5,South,Success
TXN_0002109,CUST_00940,1921.58,2024-07-03,7,North,Fail
TXN_0002110,CUST_00449,6443.8,2024-01-29,2,East,Success
TXN_0002111,CUST_00087,1256.28,2024-04-23,5,North,Success
TXN_0002112,CUST_00101,750.18,2024-05-22,3,West,Fail
TXN_0002113,CUST_01032,2243.96,2024-04-29,4,South,Success
TXN_0002114,CUST_00845,1603.81,2024-06-18,1,North,Success
TXN_0002115,CUST_00087,32922.33,2024-06-05,7,West,Success
TXN_0002116,CUST_00043,3794.11,2024-11-30,4,West,Success
TXN_0002117,CUST_00408,1591.65,2024-12-14,4,East,Success
TXN_0002118,CUST_00664,948.72,2024-09-16,6,South,Success
TXN_0002119,CUST_01041,490.67,2024-03-22,3,North,Fail
TXN_0002120,CUST_00148,972.46,2024-08-29,2,West,Success
TXN_0002121,CUST_00277,2421.04,2024-06-20,9,West,Success
TXN_0002122,CUST_00232,6917.87,2024-08-18,3,South,Success
TXN_0002123,CUST_00366,5417.29,2024-07-26,5,North,Success
TXN_0002124,CUST_00436,2652.55,2024-03-15,5,North,Success
TXN_0002125,CUST_00399,1705.25,2024-09-26,4,South,Success
TXN_0002126,CUST_00499,2738.18,2024-04-23,3,West,Success
TXN_0002127,CUST_00540,1458.39,2024-03-02,4,East,Success
TXN_0002128,CUST_00563,8731.49,2024-12-27,4,South,Success
TXN_0002129,CUST_00442,1898.17,2024-11-15,5,West,Success
TXN_0002130,CUST_00773,2060.97,2024-04-11,6,East,Success
TXN_0002131,CUST_00350,375.16,2024-12-27,6,South,Success
TXN_0002132,CUST_00520,1888.72,2024-07-28,4,South,Success
TXN_0002133,CUST_00138,4312.13,2024-09-11,4,West,Success
TXN_0002134,CUST_00992,939.95,2024-01-20,4,South,Fail
TXN_0002135,CUST_00368,1211.27,2024-02-27,6,North,Success
TXN_0002136,CUST_00360,4163.74,2024-04-21,8,North,Success
TXN_0002137,CUST_00921,677.68,2024-11-08,2,East,Success
TXN_0002138,CUST_00329,5147.37,2024-07-14,6,South,Success
TXN_0002139,CUST_00962,1442.72,2024-12-18,4,North,Success
TXN_0002140,CUST_00463,1618.32,2024-04-01,3,West,Success
TXN_0002141,CUST_00946,898.65,2024-02-21,4,West,Success
TXN_0002142,CUST_00963,2988.23,2024-10-19,2,West,Fail
TXN_0002143,CUST_00836,15802.09,2024-01-08,6,North,Success
TXN_0002144,CUST_00169,4126.55,2024-10-26,4,South,Success
TXN_0002145,CUST_00217,1106.07,2024-04-07,4,South,Success
TXN_0002146,CUST_00378,5478.01,2024-08-23,8,South,Success
TXN_0002147,CUST_00119,1714.12,2024-03-09,7,East,Success
TXN_0002148,CUST_00190,6631.51,2024-02-14,2,South,Success
TXN_0002149,CUST_00767,4210.52,2024-05-16,3,North,Fail
TXN_0002150,CUST_00370,209.66,2024-08-21,7,North,Success
TXN_0002151,CUST_00149,989.04,2024-02-01,4,South,Success
TXN_0002152,CUST_00652,4700.89,2024-10-15,4,West,Success
TXN_0002153,CUST_00770,2493.21,2024-05-05,7,East,Success
TXN_0002154,CUST_00374,973.59,2024-03-07,5,East,Success
TXN_0002155,CUST_00781,1330.26,2024-01-30,10,North,Success
TXN_0002156,CUST_00160,480.59,2024-04-23,8,East,Success
TXN_0002157,CUST_00351,2057.61,2024-07-22,7,West,Success
TXN_0002158,CUST_00892,12946.12,2024-01-29,3,South,Success
TXN_0002159,CUST_00523,4204.65,2024-05-10,6,East,Success
TXN_0002160,CUST_00522,12737.86,2024-07-03,5,East,Success
TXN_0002161,CUST_00783,4473.46,2024-09-09,2,North,Success
TXN_0002162,CUST_00273,5024.01,2024-10-12,4,West,Success
TXN_0002163,CUST_00936,10713.53,2024-03-02,9,North,Success
TXN_0002164,CUST_00183,2986.36,2024-01-03,6,North,Success
TXN_0002165,CUST_00488,1901.16,2024-03-08,5,East,Success
TXN_0002166,CUST_00846,5044.86,2024-01-25,4,North,Fail
TXN_0002167,CUST_00124,7066.16,2024-06-27,4,North,Success
TXN_0002168,CUST_00985,1504.22,2024-05-20,3,East,Success
TXN_0002169,CUST_00790,1239.85,2024-08-18,10,East,Success
TXN_0002170,CUST_00414,2467.81,2024-10-26,6,East,Success
TXN_0002171,CUST_01196,4294.97,2024-06-11,3,South,Success
TXN_0002172,CUST_00686,4181.7,2024-11-06,2,West,Success
TXN_0002173,CUST_00113,706.74,2024-05-09,11,South,Success
TXN_0002174,CUST_00888,10191.25,2024-09-02,8,East,Success
TXN_0002175,CUST_00122,1322.22,2024-10-23,4,West,Success
TXN_0002176,CUST_00039,1786.38,2024-06-20,2,North,Success
TXN_0002177,CUST_00497,1072.64,2024-03-04,7,West,Success
TXN_0002178,CUST_00780,19123.31,2024-01-31,1,East,Success
TXN_0002179,CUST_00943,2680.23,2024-02-16,6,South,Fail
TXN_0002180,CUST_00149,1117.91,2024-05-09,3,West,Success
TXN_0002181,CUST_01022,4407.83,2024-12-17,4,North,Fail
TXN_0002182,CUST_00661,4085.95,2024-11-28,10,South,Success
TXN_0002183,CUST_00302,1900.4,2024-04-19,4,South,Success
TXN_0002184,CUST_00238,4326.38,2024-03-09,6,South,Success
TXN_0002185,CUST_00647,1141.12,2024-02-27,6,South,Success
TXN_0002186,CUST_00663,1488.71,2024-04-15,4,North,Success
TXN_0002187,CUST_00236,442.23,2024-10-26,6,East,Fail
TXN_0002188,CUST_00203,765.74,2024-11-25,5,North,Success
TXN_0002189,CUST_00256,9377.84,2024-09-12,5,East,Success
TXN_0002190,CUST_00598,8210.28,2024-11-07,3,East,Success
TXN_0002191,CUST_00662,2327.69,2024-06-19,4,West,Success
TXN_0002192,CUST_00235,8352.74,2024-06-10,7,North,Success
TXN_0002193,CUST_00534,1942.91,2024-10-12,5,East,Success
TXN_0002194,CUST_00860,1817.6,2024-03-11,1,North,Success
TXN_0002195,CUST_00770,2310.48,2024-09-11,5,North,Success
TXN_0002196,CUST_00541,1998.32,2024-02-24,2,East,Success
TXN_0002197,CUST_00213,1859.09,2024-11-18,6,East,Success
TXN_0002198,CUST_00463,5512.2,2024-01-03,6,South,Success
TXN_0002199,CUST_00436,2490.18,2024-01-26,7,West,Success
TXN_0002200,CUST_00283,3904.89,2024-11-08,5,East,Success
TXN_0002201,CUST_00088,5039.71,2024-05-05,3,East,Success
TXN_0002202,CUST_01068,3012.57,2024-02-22,3,East,Success
TXN_0002203,CUST_00461,1016.16,2024-07-16,5,West,Success
TXN_0002204,CUST_00278,748.23,2024-10-25,2,North,Success
TXN_0002205,CUST_00421,2487.48,2024-07-06,2,South,Success
TXN_0002206,CUST_00696,1925.6,2024-07-04,8,South,Success
TXN_0002207,CUST_00515,2368.27,2024-10-31,7,North,Success
TXN_0002208,CUST_00703,2180.17,2024-10-24,4,West,Success
TXN_0002209,CUST_00019,17445.88,2024-07-22,6,West,Success
TXN_0002210,CUST_00023,761.9,2024-01-11,3,East,Success
TXN_0002211,CUST_00413,449.46,2024-12-24,6,West,Success
TXN_0002212,CUST_01054,2881.03,2024-12-19,9,West,Success
TXN_0002213,CUST_00108,1634.12,2024-05-25,6,East,Success
TXN_0002214,CUST_01152,2843.68,2024-03-25,3,North,Success
TXN_0002215,CUST_01135,3523.13,2024-04-09,6,South,Success
TXN_0002216,CUST_00136,6168.95,2024-04-13,6,North,Success
TXN_0002217,CUST_00362,661.31,2024-02-15,8,North,Fail
TXN_0002218,CUST_00129,1414.63,2024-02-13,6,East,Success
TXN_0002219,CUST_00515,3111.96,2024-10-04,3,North,Success
TXN_0002220,CUST_00449,4090.29,2024-06-29,5,West,Success
TXN_0002221,CUST_01128,12768.8,2024-07-05,7,North,Success
TXN_0002222,CUST_00874,4743.65,2024-04-23,3,North,Success
TXN_0002223,CUST_00473,2110.27,2024-09-11,3,East,Success
TXN_0002224,CUST_01034,1083.17,2024-01-30,2,East,Success
TXN_0002225,CUST_00302,1406.09,2024-09-20,5,South,Success
TXN_0002226,CUST_00231,1374.49,2024-04-07,5,West,Success
TXN_0002227,CUST_00923,3730.09,2024-11-08,6,West,Success
TXN_0002228,CUST_01090,2712.42,2024-11-24,1,South,Success
TXN_0002229,CUST_00937,765.92,2024-04-24,7,South,Success
TXN_0002230,CUST_00112,1558.19,2024-10-02,6,East,Success
TXN_0002231,CUST_01037,4456.14,2024-10-07,5,South,Success
TXN_0002232,CUST_00500,2925.82,2024-10-01,7,North,Success
TXN_0002233,CUST_00932,3480.45,2024-09-17,5,South,Success
TXN_0002234,CUST_00598,2999.91,2024-11-26,1,North,Success
TXN_0002235,CUST_00234,8112.36,2024-07-25,3,South,Success
TXN_0002236,CUST_00602,2667.33,2024-11-23,6,East,Success
TXN_0002237,CUST_00314,1621.62,2024-07-29,5,West,Success
TXN_0002238,CUST_00566,1061.46,2024-08-02,4,North,Success
TXN_0002239,CUST_01036,2696.44,2024-02-09,8,West,Success
TXN_0002240,CUST_00209,313.39,2024-01-26,3,North,Success
TXN_0002241,CUST_01038,1905.63,2024-01-27,6,West,Success
TXN_0002242,CUST_01044,1873.06,2024-07-08,6,East,Success
TXN_0002243,CUST_00587,741.31,2024-03-23,4,North,Success
TXN_0002244,CUST_01015,1050.88,2024-06-18,2,South,Fail
TXN_0002245,CUST_01094,4220.57,2024-06-15,4,East,Success
TXN_0002246,CUST_01125,2655.98,2024-07-06,4,West,Success
TXN_0002247,CUST_00698,2395.7,2024-06-17,9,North,Success
TXN_0002248,CUST_00132,2821.65,2024-10-15,3,East,Success
TXN_0002249,CUST_01156,2378.21,2024-08-16,5,West,Success
TXN_0002250,CUST_01044,5968.73,2024-04-06,6,North,Success
TXN_0002251,CUST_00536,2437.54,2024-01-16,5,North,Success
TXN_0002252,CUST_01014,687.75,2024-10-05,4,East,Success
TXN_0002253,CUST_00227,8136.41,2024-05-14,6,West,Fail
TXN_0002254,CUST_01178,2969.87,2024-01-26,2,West,Success
TXN_0002255,CUST_00822,1378.29,2024-12-17,3,North,Success
TXN_0002256,CUST_00871,810.2,2024-01-12,5,West,Success
TXN_0002257,CUST_00405,3031.25,2024-03-12,5,South,Success
TXN_0002258,CUST_00202,2010.75,2024-05-12,6,South,Fail
TXN_0002259,CUST_00038,7780.05,2024-04-15,5,North,Success
TXN_0002260,CUST_00942,1674.51,2024-08-07,2,West,Success
TXN_0002261,CUST_00188,1130.14,2024-06-25,9,North,Success
TXN_0002262,CUST_01081,4521.67,2024-10-08,4,South,Success
TXN_0002263,CUST_00941,4629.6,2024-05-12,3,North,Success
TXN_0002264,CUST_01044,2527.34,2024-01-22,6,North,Success
TXN_0002265,CUST_00273,3793.66,2024-09-25,3,East,Success
TXN_0002266,CUST_01143,2142.76,2024-06-09,7,East,Success
TXN_0002267,CUST_00583,2662.69,2024-04-16,6,South,Success
TXN_0002268,CUST_00516,5608.24,2024-10-05,2,West,Success
TXN_0002269,CUST_00526,3641.88,2024-12-18,7,South,Success
TXN_0002270,CUST_00336,1928.66,2024-08-22,5,West,Success
TXN_0002271,CUST_00698,6515.18,2024-01-18,7,West,Success
TXN_0002272,CUST_01079,332.99,2024-08-29,4,East,Success
TXN_0002273,CUST_00500,11403.31,2024-04-26,6,East,Success
TXN_0002274,CUST_00900,564.1,2024-10-12,2,South,Success
TXN_0002275,CUST_00766,1337.19,2024-10-08,6,South,Success
TXN_0002276,CUST_00536,2137.23,2024-05-23,5,South,Success
TXN_0002277,CUST_00162,1964.15,2024-07-23,5,East,Success
TXN_0002278,CUST_00594,4940.04,2024-02-08,3,East,Success
TXN_0002279,CUST_00159,947.41,2024-06-02,5,North,Success
TXN_0002280,CUST_00060,2720.62,2024-06-24,6,South,Success
TXN_0002281,CUST_00915,1390.52,2024-08-28,6,North,Success
TXN_0002282,CUST_00211,2796.47,2024-05-13,4,West,Success
TXN_0002283,CUST_00406,2096.83,2024-02-15,3,South,Success
TXN_0002284,CUST_00664,2378.79,2024-02-19,6,East,Success
TXN_0002285,CUST_01133,1422.34,2024-06-14,5,South,Success
TXN_0002286,CUST_01100,1468.43,2024-04-15,3,South,Success
TXN_0002287,CUST_00542,2778.92,2024-08-03,6,East,Success
TXN_0002288,CUST_00998,4698.38,2024-05-25,5,East,Success
TXN_0002289,CUST_01141,1368.37,2024-03-12,3,West,Success
TXN_0002290,CUST_00927,1102.11,2024-11-25,4,South,Success
TXN_0002291,CUST_00868,3607.49,2024-09-29,7,South,Success
TXN_0002292,CUST_00019,2151.66,2024-09-03,5,South,Success
TXN_0002293,CUST_00432,4291.53,2024-07-04,5,South,Success
TXN_0002294,CUST_00740,1069.94,2024-03-10,5,West,Success
TXN_0002295,CUST_00183,531.9,2024-05-29,4,South,Success
TXN_0002296,CUST_00113,1441.73,2024-09-02,4,West,Success
TXN_0002297,CUST_00481,1196.22,2024-09-18,5,West,Success
TXN_0002298,CUST_01170,2073.45,2024-01-26,3,East,Success
TXN_0002299,CUST_00831,1326.8,2024-05-19,5,South,Success
TXN_0002300,CUST_01137,3995.06,2024-04-08,6,East,Success
TXN_0002301,CUST_00763,1753.69,2024-10-04,6,West,Success
TXN_0002302,CUST_00476,2490.85,2024-02-20,6,North,Success
TXN_0002303,CUST_00763,2505.16,2024-05-30,8,North,Success
TXN_0002304,CUST_00971,2581.08,2024-04-13,5,South,Success
TXN_0002305,CUST_01020,2166.13,2024-03-29,3,North,Success
TXN_0002306,CUST_01142,3322.53,2024-05-20,5,East,Success
TXN_0002307,CUST_00161,1168.5,2024-07-31,5,North,Success
TXN_0002308,CUST_00401,6765.11,2024-08-20,4,North,Success
TXN_0002309,CUST_00198,1827.62,2024-07-01,6,West,Success
TXN_0002310,CUST_00660,773.37,2024-09-07,4,East,Success
TXN_0002311,CUST_01071,2566.91,2024-01-09,6,South,Success
TXN_0002312,CUST_00399,1117.73,2024-03-19,7,East,Success
TXN_0002313,CUST_00078,3760.35,2024-02-21,1,East,Success
TXN_0002314,CUST_00124,12934.9,2024-09-25,4,South,Success
TXN_0002315,CUST_00075,1177.02,2024-08-13,6,East,Success
TXN_0002316,CUST_00137,2881.01,2024-02-20,7,West,Success
TXN_0002317,CUST_00602,542.18,2024-07-04,5,South,Fail
TXN_0002318,CUST_00837,3175.19,2024-02-03,5,West,Success
TXN_0002319,CUST_00500,1087.27,2024-10-17,6,East,Fail
TXN_0002320,CUST_00138,1339.61,2024-08-17,4,North,Success
TXN_0002321,CUST_00050,915.04,2024-05-10,3,South,Success
TXN_0002322,CUST_00973,3966.82,2024-04-29,2,South,Success
TXN_0002323,CUST_00254,4943.57,2024-11-21,6,North,Fail
TXN_0002324,CUST_00710,2250.05,2024-09-03,4,North,Success
TXN_0002325,CUST_00563,1105.95,2024-07-10,9,South,Success
TXN_0002326,CUST_00757,7876.34,2024-11-18,3,North,Success
TXN_0002327,CUST_00547,1211.57,2024-07-28,6,West,Success
TXN_0002328,CUST_00922,391.65,2024-04-12,5,East,Success
TXN_0002329,CUST_00581,3186.6,2024-11-24,5,West,Success
TXN_0002330,CUST_00049,912.49,2024-05-12,8,East,Success
TXN_0002331,CUST_00917,4870.18,2024-11-18,5,East,Success
TXN_0002332,CUST_01098,1627.97,2024-05-18,8,North,Success
TXN_0002333,CUST_00704,3579.47,2024-04-30,4,North,Success
TXN_0002334,CUST_00261,6776.39,2024-04-03,7,West,Success
TXN_0002335,CUST_00356,839.59,2024-05-08,9,North,Success
TXN_0002336,CUST_00638,1404.24,2024-03-31,7,West,Success
TXN_0002337,CUST_00743,2078.63,2024-04-01,5,South,Success
TXN_0002338,CUST_01010,7555.58,2024-03-03,6,West,Success
TXN_0002339,CUST_00931,1304.13,2024-01-29,4,East,Fail
TXN_0002340,CUST_00641,1372.51,2024-07-28,2,South,Success
TXN_0002341,CUST_00792,3237.36,2024-01-12,2,West,Success
TXN_0002342,CUST_00612,1391.61,2024-11-28,4,West,Success
TXN_0002343,CUST_00809,2494.94,2024-10-23,7,South,Success
TXN_0002344,CUST_00686,638.28,2024-05-09,3,South,Success
TXN_0002345,CUST_00188,12983.88,2024-10-19,2,East,Success
TXN_0002346,CUST_00985,751.32,2024-06-21,3,East,Success
TXN_0002347,CUST_00548,1707.18,2024-07-26,6,East,Success
TXN_0002348,CUST_00725,2151.7,2024-01-24,4,North,Success
TXN_0002349,CUST_00926,10200.08,2024-04-08,4,East,Success
TXN_0002350,CUST_00876,765.19,2024-12-21,6,North,Success
TXN_0002351,CUST_00618,10796.35,2024-05-18,3,West,Success
TXN_0002352,CUST_00414,4047.04,2024-11-09,4,West,Success
TXN_0002353,CUST_00903,3083.05,2024-06-22,2,West,Success
TXN_0002354,CUST_00163,1004.55,2024-01-29,9,North,Success
TXN_0002355,CUST_00270,3487.4,2024-05-22,7,West,Success
TXN_0002356,CUST_00632,1237.95,2024-11-11,5,West,Success
TXN_0002357,CUST_00906,6083.46,2024-12-16,4,North,Success
TXN_0002358,CUST_00205,1015.51,2024-02-11,3,East,Success
TXN_0002359,CUST_00582,2017.22,2024-10-25,2,East,Success
TXN_0002360,CUST_00841,1416.27,2024-07-26,6,East,Success
TXN_0002361,CUST_00596,1002.23,2024-11-25,7,East,Success
TXN_0002362,CUST_00250,3996.03,2024-07-10,6,South,Success
TXN_0002363,CUST_00875,3389.26,2024-06-08,1,West,Success
TXN_0002364,CUST_00196,5809.26,2024-03-04,8,East,Success
TXN_0002365,CUST_00690,531.71,2024-08-30,2,East,Success
TXN_0002366,CUST_01094,5173.66,2024-09-14,4,East,Success
TXN_0002367,CUST_00639,16388.89,2024-05-31,4,East,Success
TXN_0002368,CUST_00672,1538.69,2024-08-02,2,East,Success
TXN_0002369,CUST_01172,10057.95,2024-11-17,4,South,Success
TXN_0002370,CUST_00944,1789.11,2024-06-14,4,South,Success
TXN_0002371,CUST_00199,736.62,2024-01-31,5,North,Success
TXN_0002372,CUST_00492,1729.34,2024-08-19,6,North,Success
TXN_0002373,CUST_00896,5108.0,2024-10-08,3,East,Success
TXN_0002374,CUST_00142,1129.42,2024-01-29,5,North,Success
TXN_0002375,CUST_00165,1366.12,2024-07-13,4,South,Success
TXN_0002376,CUST_00314,3550.46,2024-11-29,7,East,Success
TXN_0002377,CUST_00021,2213.76,2024-09-12,5,North,Success
TXN_0002378,CUST_01106,3525.22,2024-10-07,2,North,Success
TXN_0002379,CUST_01155,2671.15,2024-10-30,6,South,Success
TXN_0002380,CUST_00984,3241.2,2024-11-16,6,West,Fail
TXN_0002381,CUST_00305,1562.68,2024-11-18,6,East,Fail
TXN_0002382,CUST_00371,2658.15,2024-12-11,8,North,Success
TXN_0002383,CUST_00853,1051.64,2024-10-20,6,South,Success
TXN_0002384,CUST_00384,6190.35,2024-03-27,6,East,Success
TXN_0002385,CUST_00445,1329.53,2024-05-28,4,South,Success
TXN_0002386,CUST_00425,5448.4,2024-09-05,5,East,Fail
TXN_0002387,CUST_00161,1831.91,2024-11-16,7,West,Success
TXN_0002388,CUST_00629,2595.67,2024-10-09,6,West,Success
TXN_0002389,CUST_00895,1486.28,2024-12-27,5,East,Success
TXN_0002390,CUST_00490,979.66,2024-07-16,4,East,Success
TXN_0002391,CUST_01017,546.86,2024-02-13,3,South,Success
TXN_0002392,CUST_00327,949.32,2024-12-21,5,East,Success
TXN_0002393,CUST_00598,1704.24,2024-01-28,2,North,Fail
TXN_0002394,CUST_01015,2616.27,2024-01-17,7,East,Success
TXN_0002395,CUST_00289,4955.75,2024-05-06,8,East,Success
TXN_0002396,CUST_00593,1545.95,2024-06-16,4,West,Fail
TXN_0002397,CUST_00573,1090.54,2024-08-31,2,West,Success
TXN_0002398,CUST_00028,696.33,2024-03-16,4,South,Success
TXN_0002399,CUST_00954,3242.34,2024-08-18,7,East,Success
TXN_0002400,CUST_00043,6677.88,2024-07-22,6,North,Success
TXN_0002401,CUST_00423,6081.85,2024-09-04,8,North,Success
TXN_0002402,CUST_00177,3896.94,2024-10-28,4,East,Success
TXN_0002403,CUST_00529,3680.61,2024-08-01,3,South,Success
TXN_0002404,CUST_00966,8587.81,2024-08-02,2,North,Success
TXN_0002405,CUST_00198,2880.34,2024-06-06,5,South,Success
TXN_0002406,CUST_00610,3703.02,2024-03-09,8,East,Success
TXN_0002407,CUST_00842,1708.5,2024-03-25,5,South,Success
TXN_0002408,CUST_00853,742.75,2024-09-23,5,East,Success
TXN_0002409,CUST_00022,1277.83,2024-03-09,4,West,Success
TXN_0002410,CUST_01136,2192.23,2024-04-08,5,East,Success
TXN_0002411,CUST_01081,2318.39,2024-12-12,7,South,Success
TXN_0002412,CUST_01090,10311.64,2024-08-03,5,North,Success
TXN_0002413,CUST_00842,2356.71,2024-06-09,6,East,Success
TXN_0002414,CUST_00098,5670.74,2024-04-03,2,East,Success
TXN_0002415,CUST_01168,1559.22,2024-06-22,6,East,Success
TXN_0002416,CUST_00435,1721.0,2024-06-13,5,West,Success
TXN_0002417,CUST_00637,762.65,2024-04-24,4,West,Success
TXN_0002418,CUST_01110,1219.43,2024-08-07,3,West,Success
TXN_0002419,CUST_00588,3366.35,2024-01-31,5,North,Fail
TXN_0002420,CUST_00344,2221.74,2024-01-11,5,North,Fail
TXN_0002421,CUST_00571,4695.46,2024-12-08,4,East,Success
TXN_0002422,CUST_00611,2552.95,2024-05-09,7,North,Success
TXN_0002423,CUST_00243,1665.76,2024-04-14,7,South,Success
TXN_0002424,CUST_00561,12315.79,2024-01-27,8,South,Success
TXN_0002425,CUST_00960,2048.53,2024-08-14,3,West,Success
TXN_0002426,CUST_00032,5599.32,2024-01-02,2,South,Success
TXN_0002427,CUST_00391,1602.04,2024-12-24,6,South,Success
TXN_0002428,CUST_00277,3895.9,2024-04-10,6,East,Success
TXN_0002429,CUST_00532,4639.73,2024-01-21,4,West,Success
TXN_0002430,CUST_01178,2609.19,2024-02-27,3,West,Success
TXN_0002431,CUST_00383,335.77,2024-06-28,6,West,Success
TXN_0002432,CUST_01092,2240.83,2024-12-06,7,South,Success
TXN_0002433,CUST_00884,5909.8,2024-12-14,5,North,Success
TXN_0002434,CUST_00214,3367.7,2024-01-20,4,East,Fail
TXN_0002435,CUST_00376,3154.77,2024-09-11,4,North,Success
TXN_0002436,CUST_00744,556.79,2024-11-12,5,West,Success
TXN_0002437,CUST_00213,1240.95,2024-02-07,8,West,Success
TXN_0002438,CUST_00079,3068.94,2024-05-27,8,South,Success
TXN_0002439,CUST_00628,3066.54,2024-01-25,5,East,Success
TXN_0002440,CUST_00604,5835.61,2024-04-30,5,East,Success
TXN_0002441,CUST_00782,1966.69,2024-01-26,5,East,Success
TXN_0002442,CUST_01001,3055.38,2024-06-17,8,South,Success
TXN_0002443,CUST_00680,2237.47,2024-11-18,5,North,Success
TXN_0002444,CUST_00058,1002.69,2024-08-12,4,East,Success
TXN_0002445,CUST_01050,363.35,2024-01-01,6,North,Success
TXN_0002446,CUST_00881,3117.57,2024-11-02,3,South,Success
TXN_0002447,CUST_00447,2538.07,2024-09-17,5,South,Success
TXN_0002448,CUST_00066,1346.76,2024-01-13,2,North,Success
TXN_0002449,CUST_01068,604.66,2024-02-17,5,East,Fail
TXN_0002450,CUST_01121,3654.78,2024-11-08,6,North,Success
TXN_0002451,CUST_01012,1785.16,2024-10-17,8,East,Success
TXN_0002452,CUST_00227,3447.83,2024-11-27,3,West,Success
TXN_0002453,CUST_00774,9810.8,2024-04-03,3,West,Success
TXN_0002454,CUST_00679,398.16,2024-09-17,3,East,Success
TXN_0002455,CUST_00601,1261.83,2024-10-04,6,North,Success
TXN_0002456,CUST_00379,1867.77,2024-12-24,6,East,Success
TXN_0002457,CUST_00709,7071.73,2024-07-23,7,East,Success
TXN_0002458,CUST_00307,596.38,2024-07-03,5,East,Success
TXN_0002459,CUST_00779,10390.93,2024-06-23,4,West,Success
TXN_0002460,CUST_00504,2461.89,2024-11-04,5,South,Success
TXN_0002461,CUST_00268,2045.09,2024-03-09,3,West,Success
TXN_0002462,CUST_00008,1884.75,2024-04-13,5,East,Success
TXN_0002463,CUST_00508,1557.74,2024-09-02,7,North,Success
TXN_0002464,CUST_00476,5107.64,2024-06-09,5,South,Success
TXN_0002465,CUST_00164,939.35,2024-07-18,4,East,Success
TXN_0002466,CUST_00485,2911.23,2024-08-03,4,South,Success
TXN_0002467,CUST_01096,1624.01,2024-07-30,4,North,Success
TXN_0002468,CUST_00567,1200.26,2024-01-16,5,South,Success
TXN_0002469,CUST_00905,17479.43,2024-11-27,1,South,Success
TXN_0002470,CUST_00559,3087.88,2024-07-23,4,East,Success
TXN_0002471,CUST_00238,3606.93,2024-12-30,4,North,Success
TXN_0002472,CUST_01128,5487.46,2024-02-08,7,North,Success
TXN_0002473,CUST_00554,708.34,2024-03-29,7,West,Success
TXN_0002474,CUST_00828,8971.73,2024-09-12,5,South,Success
TXN_0002475,CUST_00468,296.73,2024-09-10,6,East,Success
TXN_0002476,CUST_00386,1193.91,2024-08-03,7,South,Success
TXN_0002477,CUST_00775,1529.62,2024-10-29,1,South,Success
TXN_0002478,CUST_00848,3517.05,2024-06-20,5,South,Success
TXN_0002479,CUST_00387,2630.62,2024-05-16,4,East,Success
TXN_0002480,CUST_00877,1932.46,2024-06-26,3,South,Success
TXN_0002481,CUST_00259,2187.25,2024-03-17,9,East,Success
TXN_0002482,CUST_00283,1009.87,2024-07-06,3,North,Success
TXN_0002483,CUST_00040,666.62,2024-01-15,2,South,Success
TXN_0002484,CUST_00486,3948.97,2024-10-18,2,West,Success
TXN_0002485,CUST_00929,3846.68,2024-11-14,3,North,Success
TXN_0002486,CUST_00220,7844.72,2024-11-20,3,West,Success
TXN_0002487,CUST_01153,1173.78,2024-08-01,5,South,Success
TXN_0002488,CUST_01015,3843.94,2024-07-26,7,North,Success
TXN_0002489,CUST_01024,1759.94,2024-06-17,7,East,Success
TXN_0002490,CUST_00613,5723.75,2024-11-25,9,South,Success
TXN_0002491,CUST_00928,5001.89,2024-10-06,9,South,Success
TXN_0002492,CUST_00688,2614.86,2024-10-31,7,East,Success
TXN_0002493,CUST_00613,1683.07,2024-05-25,4,West,Success
TXN_0002494,CUST_00260,4763.54,2024-09-19,7,North,Success
TXN_0002495,CUST_00990,3705.32,2024-01-04,6,North,Success
TXN_0002496,CUST_00966,1277.23,2024-03-30,5,East,Success
TXN_0002497,CUST_00366,763.38,2024-02-29,7,North,Success
TXN_0002498,CUST_00544,1753.16,2024-11-06,6,East,Success
TXN_0002499,CUST_00649,7422.94,2024-01-16,4,West,Success
TXN_0002500,CUST_00814,5525.84,2024-08-14,5,West,Success
TXN_0002501,CUST_01040,907.0,2024-01-29,4,North,Success
TXN_0002502,CUST_01153,867.65,2024-05-30,3,East,Success
TXN_0002503,CUST_00575,6122.63,2024-09-01,9,East,Fail
TXN_0002504,CUST_01133,890.24,2024-09-26,5,East,Fail
TXN_0002505,CUST_01013,3319.06,2024-03-19,3,East,Success
TXN_0002506,CUST_00670,1349.03,2024-10-15,3,North,Success
TXN_0002507,CUST_00269,8051.68,2024-06-01,4,South,Success
TXN_0002508,CUST_01186,1192.32,2024-10-03,3,North,Success
TXN_0002509,CUST_00924,5512.04,2024-10-05,6,East,Success
TXN_0002510,CUST_01126,2560.32,2024-02-26,5,South,Success
TXN_0002511,CUST_00247,2702.02,2024-07-04,6,South,Success
TXN_0002512,CUST_00131,456.58,2024-04-02,5,North,Success
TXN_0002513,CUST_00353,379.05,2024-10-02,3,East,Success
TXN_0002514,CUST_00196,1851.12,2024-06-06,5,East,Success
TXN_0002515,CUST_00930,2690.61,2024-10-01,6,East,Success
TXN_0002516,CUST_01022,897.71,2024-06-29,1,East,Success
TXN_0002517,CUST_00645,924.31,2024-12-24,6,East,Success
TXN_0002518,CUST_00227,3460.53,2024-03-17,5,South,Success
TXN_0002519,CUST_00701,3464.36,2024-05-30,6,North,Fail
TXN_0002520,CUST_00265,1977.93,2024-08-25,3,North,Success
TXN_0002521,CUST_00646,4122.28,2024-10-15,6,West,Success
TXN_0002522,CUST_00211,863.19,2024-08-18,5,North,Success
TXN_0002523,CUST_00943,1661.13,2024-01-18,2,South,Success
TXN_0002524,CUST_00457,8252.75,2024-03-13,5,West,Success
TXN_0002525,CUST_00725,2332.41,2024-07-07,5,South,Success
TXN_0002526,CUST_00982,2443.17,2024-01-17,11,North,Success
TXN_0002527,CUST_01155,13971.25,2024-01-19,6,South,Success
TXN_0002528,CUST_00588,720.92,2024-08-06,4,South,Success
TXN_0002529,CUST_00476,4176.15,2024-11-21,4,North,Success
TXN_0002530,CUST_00986,8359.79,2024-04-29,3,South,Success
TXN_0002531,CUST_00156,1702.94,2024-04-10,7,West,Success
TXN_0002532,CUST_00190,4392.72,2024-02-03,4,West,Success
TXN_0002533,CUST_00981,1006.65,2024-03-24,3,East,Success
TXN_0002534,CUST_00546,1274.89,2024-07-14,2,West,Success
TXN_0002535,CUST_00041,3004.82,2024-11-25,5,West,Success
TXN_0002536,CUST_00307,4183.29,2024-07-20,7,North,Success
TXN_0002537,CUST_00943,5414.03,2024-12-09,6,West,Success
TXN_0002538,CUST_00338,7751.97,2024-12-06,6,North,Fail
TXN_0002539,CUST_01099,2092.35,2024-01-11,6,West,Success
TXN_0002540,CUST_00953,5738.13,2024-12-12,2,North,Success
TXN_0002541,CUST_00279,1679.34,2024-08-05,5,North,Success
TXN_0002542,CUST_00896,4544.5,2024-09-09,4,South,Success
TXN_0002543,CUST_00273,2607.09,2024-08-09,7,West,Success
TXN_0002544,CUST_00837,3154.36,2024-03-20,3,North,Success
TXN_0002545,CUST_00620,3098.91,2024-01-07,5,West,Success
TXN_0002546,CUST_00862,611.7,2024-09-28,6,East,Success
TXN_0002547,CUST_00931,898.48,2024-08-14,8,South,Success
TXN_0002548,CUST_00289,2397.14,2024-01-16,4,South,Success
TXN_0002549,CUST_00724,572.59,2024-01-12,7,North,Success
TXN_0002550,CUST_00893,4293.98,2024-10-17,4,West,Success
TXN_0002551,CUST_00272,4434.83,2024-08-28,5,South,Success
TXN_0002552,CUST_01090,2869.05,2024-01-21,6,South,Success
TXN_0002553,CUST_00483,900.63,2024-06-26,5,South,Success
TXN_0002554,CUST_00936,6661.57,2024-08-15,4,North,Success
TXN_0002555,CUST_00248,11268.52,2024-09-29,4,East,Success
TXN_0002556,CUST_00156,2484.09,2024-10-14,6,North,Success
TXN_0002557,CUST_01071,3322.35,2024-10-23,8,East,Success
TXN_0002558,CUST_00454,2595.13,2024-05-13,4,South,Success
TXN_0002559,CUST_00201,3375.49,2024-10-09,7,East,Success
TXN_0002560,CUST_00124,2006.91,2024-06-01,4,North,Success
TXN_0002561,CUST_00001,2148.12,2024-03-06,8,North,Success
TXN_0002562,CUST_00968,4557.7,2024-05-16,4,West,Success
TXN_0002563,CUST_00855,14421.84,2024-04-01,6,West,Success
TXN_0002564,CUST_00640,720.5,2024-11-12,14,North,Success
TXN_0002565,CUST_00191,2032.35,2024-09-15,4,West,Fail
TXN_0002566,CUST_00516,858.88,2024-04-12,9,South,Success
TXN_0002567,CUST_00442,7892.12,2024-02-24,6,East,Success
TXN_0002568,CUST_00143,1379.96,2024-09-13,4,North,Success
TXN_0002569,CUST_00533,696.06,2024-04-10,8,North,Success
TXN_0002570,CUST_00227,3679.56,2024-07-16,5,West,Success
TXN_0002571,CUST_00949,8914.63,2024-10-27,6,North,Success
TXN_0002572,CUST_00460,3755.13,2024-08-13,8,West,Success
TXN_0002573,CUST_00551,2601.49,2024-08-24,7,South,Success
TXN_0002574,CUST_00393,3063.5,2024-01-26,5,North,Success
TXN_0002575,CUST_00845,6849.1,2024-04-30,4,South,Success
TXN_0002576,CUST_00210,1097.34,2024-06-30,7,South,Success
TXN_0002577,CUST_01139,2019.33,2024-07-17,5,North,Success
TXN_0002578,CUST_00646,1537.4,2024-10-28,3,West,Success
TXN_0002579,CUST_00219,867.58,2024-09-11,3,West,Success
TXN_0002580,CUST_00407,1698.16,2024-05-01,6,South,Success
TXN_0002581,CUST_00888,5357.09,2024-01-31,2,West,Success
TXN_0002582,CUST_00558,3474.76,2024-11-10,6,West,Success
TXN_0002583,CUST_00550,3697.63,2024-10-11,5,South,Success
TXN_0002584,CUST_00142,2482.89,2024-04-15,2,North,Success
TXN_0002585,CUST_00612,3356.52,2024-08-11,5,North,Success
TXN_0002586,CUST_00501,1163.9,2024-09-29,2,East,Fail
TXN_0002587,CUST_00840,1723.98,2024-08-19,3,North,Success
TXN_0002588,CUST_00702,2575.0,2024-09-12,5,West,Success
TXN_0002589,CUST_00596,2757.32,2024-01-24,4,East,Success
TXN_0002590,CUST_00281,2853.07,2024-04-18,6,East,Success
TXN_0002591,CUST_00424,1976.99,2024-07-09,3,East,Success
TXN_0002592,CUST_00856,1632.82,2024-12-12,4,North,Success
TXN_0002593,CUST_00270,27617.83,2024-01-25,4,East,Success
TXN_0002594,CUST_00154,4561.61,2024-07-05,5,East,Success
TXN_0002595,CUST_00614,3073.33,2024-10-14,3,East,Success
TXN_0002596,CUST_00662,1832.49,2024-04-25,4,North,Success
TXN_0002597,CUST_00083,1539.21,2024-12-03,3,North,Success
TXN_0002598,CUST_00947,1988.94,2024-02-06,5,North,Success
TXN_0002599,CUST_00899,2791.3,2024-10-08,3,North,Success
TXN_0002600,CUST_00284,490.61,2024-05-16,5,South,Success
TXN_0002601,CUST_00980,629.22,2024-08-14,10,North,Success
TXN_0002602,CUST_00173,1326.76,2024-11-15,10,West,Success
TXN_0002603,CUST_01087,2606.36,2024-11-23,2,East,Success
TXN_0002604,CUST_01097,1823.62,2024-06-30,2,North,Success
TXN_0002605,CUST_00763,7204.76,2024-12-27,2,West,Success
TXN_0002606,CUST_00633,674.57,2024-03-26,6,West,Success
TXN_0002607,CUST_00787,1210.66,2024-02-22,7,West,Success
TXN_0002608,CUST_00943,7450.78,2024-12-13,6,South,Success
TXN_0002609,CUST_01012,2452.58,2024-12-20,3,South,Success
TXN_0002610,CUST_00398,4482.22,2024-08-22,6,South,Success
TXN_0002611,CUST_01144,11395.77,2024-09-23,5,West,Success
TXN_0002612,CUST_00934,1267.7,2024-10-13,6,North,Success
TXN_0002613,CUST_00676,2039.68,2024-04-09,3,West,Fail
TXN_0002614,CUST_00936,1775.89,2024-03-27,3,South,Success
TXN_0002615,CUST_00465,462.35,2024-01-15,2,South,Success
TXN_0002616,CUST_00286,1722.76,2024-04-10,8,South,Success
TXN_0002617,CUST_00265,4468.69,2024-06-13,4,North,Success
TXN_0002618,CUST_00320,3403.2,2024-01-29,2,West,Success
TXN_0002619,CUST_00673,3623.76,2024-04-23,7,South,Fail
TXN_0002620,CUST_00820,1635.32,2024-04-16,5,West,Success
TXN_0002621,CUST_00089,1306.52,2024-12-29,7,West,Success
TXN_0002622,CUST_00821,6096.1,2024-05-09,2,South,Success
TXN_0002623,CUST_01001,1483.48,2024-03-24,6,East,Success
TXN_0002624,CUST_00334,2794.1,2024-09-27,5,East,Success
TXN_0002625,CUST_00222,2516.61,2024-08-31,3,East,Success
TXN_0002626,CUST_00041,7110.83,2024-08-01,4,South,Success
TXN_0002627,CUST_00068,4803.64,2024-11-01,6,West,Success
TXN_0002628,CUST_00988,783.52,2024-06-14,4,East,Success
TXN_0002629,CUST_00514,854.02,2024-10-05,5,North,Success
TXN_0002630,CUST_01151,3509.15,2024-02-28,4,East,Success
TXN_0002631,CUST_00695,2097.56,2024-03-30,11,North,Success
TXN_0002632,CUST_01040,1534.35,2024-11-26,3,East,Success
TXN_0002633,CUST_00477,4976.6,2024-07-12,3,East,Success
TXN_0002634,CUST_01086,2565.65,2024-05-02,7,East,Success
TXN_0002635,CUST_00881,2303.0,2024-05-15,4,North,Success
TXN_0002636,CUST_00432,4121.05,2024-05-18,4,North,Success
TXN_0002637,CUST_00268,1635.84,2024-08-16,7,East,Success
TXN_0002638,CUST_01059,7745.1,2024-09-30,1,North,Success
TXN_0002639,CUST_00779,1175.63,2024-02-19,6,West,Success
TXN_0002640,CUST_00494,3735.15,2024-04-27,2,East,Success
TXN_0002641,CUST_00661,6953.96,2024-07-20,10,West,Success
TXN_0002642,CUST_01013,733.75,2024-07-09,4,South,Success
TXN_0002643,CUST_01059,1677.96,2024-12-29,7,South,Success
TXN_0002644,CUST_00977,5506.95,2024-11-18,1,South,Success
TXN_0002645,CUST_00482,5573.6,2024-06-29,4,West,Success
TXN_0002646,CUST_00728,1925.24,2024-03-18,6,North,Success
TXN_0002647,CUST_00480,1226.92,2024-03-15,4,South,Success
TXN_0002648,CUST_01089,4744.53,2024-10-21,6,East,Success
TXN_0002649,CUST_01032,5692.13,2024-10-07,6,East,Success
TXN_0002650,CUST_00343,869.81,2024-01-21,7,North,Fail
TXN_0002651,CUST_00332,842.92,2024-06-19,7,East,Success
TXN_0002652,CUST_00438,2644.42,2024-01-15,6,West,Success
TXN_0002653,CUST_00174,3653.67,2024-07-29,3,South,Fail
TXN_0002654,CUST_00559,1738.44,2024-02-17,5,West,Success
TXN_0002655,CUST_00527,3802.58,2024-03-26,3,East,Success
TXN_0002656,CUST_00659,1251.24,2024-05-28,6,West,Success
TXN_0002657,CUST_00026,406.77,2024-07-06,4,North,Success
TXN_0002658,CUST_00820,1573.22,2024-11-01,4,West,Success
TXN_0002659,CUST_00605,2322.93,2024-05-30,4,East,Success
TXN_0002660,CUST_00406,1771.05,2024-05-20,8,East,Success
TXN_0002661,CUST_00232,874.03,2024-03-09,8,South,Success
TXN_0002662,CUST_00533,516.71,2024-09-16,5,West,Success
TXN_0002663,CUST_00505,1463.71,2024-11-29,2,North,Success
TXN_0002664,CUST_00179,4528.4,2024-01-09,6,South,Success
TXN_0002665,CUST_00132,6032.75,2024-04-30,7,East,Success
TXN_0002666,CUST_00348,5711.12,2024-04-10,3,West,Success
TXN_0002667,CUST_00540,1149.72,2024-05-28,4,North,Success
TXN_0002668,CUST_00772,877.46,2024-05-25,5,East,Success
TXN_0002669,CUST_00076,3285.61,2024-12-18,1,East,Success
TXN_0002670,CUST_00579,3670.49,2024-08-30,3,South,Success
TXN_0002671,CUST_00854,3041.59,2024-08-28,5,East,Success
TXN_0002672,CUST_00194,440.87,2024-12-02,6,North,Success
TXN_0002673,CUST_01186,1103.78,2024-02-12,3,North,Success
TXN_0002674,CUST_00347,2156.52,2024-04-04,3,South,Success
TXN_0002675,CUST_00951,3260.95,2024-08-13,4,South,Success
TXN_0002676,CUST_01111,4079.97,2024-01-06,3,North,Success
TXN_0002677,CUST_00214,2478.49,2024-08-01,5,South,Success
TXN_0002678,CUST_00573,2877.36,2024-07-24,4,East,Success
TXN_0002679,CUST_00780,2363.48,2024-03-07,3,North,Success
TXN_0002680,CUST_00262,3821.87,2024-04-09,5,South,Success
TXN_0002681,CUST_00730,2836.4,2024-01-12,4,North,Success
TXN_0002682,CUST_00283,2327.59,2024-08-24,4,East,Success
TXN_0002683,CUST_00362,1781.67,2024-11-17,5,South,Success
TXN_0002684,CUST_00441,2356.74,2024-09-14,4,North,Success
TXN_0002685,CUST_00093,3254.11,2024-12-02,6,East,Success
TXN_0002686,CUST_00753,2735.26,2024-05-14,3,South,Success
TXN_0002687,CUST_00867,2994.89,2024-08-09,7,North,Success
TXN_0002688,CUST_00142,6465.12,2024-06-04,4,East,Success
TXN_0002689,CUST_00749,2730.2,2024-05-21,5,East,Success
TXN_0002690,CUST_00653,1313.96,2024-06-06,3,East,Fail
TXN_0002691,CUST_00701,4477.79,2024-11-21,2,West,Success
TXN_0002692,CUST_00998,740.29,2024-12-09,6,East,Success
TXN_0002693,CUST_00049,929.71,2024-09-18,2,East,Success
TXN_0002694,CUST_00881,2889.03,2024-10-09,1,South,Success
TXN_0002695,CUST_01160,3337.97,2024-12-03,4,West,Success
TXN_0002696,CUST_00555,815.63,2024-12-09,5,East,Success
TXN_0002697,CUST_00404,1625.78,2024-08-16,7,South,Success
TXN_0002698,CUST_00892,1359.85,2024-10-06,5,South,Success
TXN_0002699,CUST_00865,1496.16,2024-12-23,2,North,Success
TXN_0002700,CUST_00602,4697.93,2024-10-16,4,North,Success
TXN_0002701,CUST_00341,3886.27,2024-06-16,2,West,Success
TXN_0002702,CUST_00704,2174.82,2024-02-16,6,South,Success
TXN_0002703,CUST_00318,1426.86,2024-07-21,5,East,Fail
TXN_0002704,CUST_00618,750.16,2024-08-01,4,East,Success
TXN_0002705,CUST_00382,6878.45,2024-09-02,6,South,Success
TXN_0002706,CUST_00233,3546.41,2024-01-24,6,West,Fail
TXN_0002707,CUST_00817,1254.72,2024-11-16,4,East,Success
TXN_0002708,CUST_00553,3927.19,2024-09-30,5,West,Success
TXN_0002709,CUST_00856,2087.71,2024-02-13,7,South,Success
TXN_0002710,CUST_00819,1755.15,2024-11-27,4,West,Success
TXN_0002711,CUST_00183,3128.06,2024-11-08,3,North,Success
TXN_0002712,CUST_01065,1220.24,2024-12-28,2,West,Success
TXN_0002713,CUST_00397,1677.39,2024-06-04,8,West,Fail
TXN_0002714,CUST_00779,2433.7,2024-07-17,7,East,Success
TXN_0002715,CUST_00907,1480.95,2024-06-10,4,West,Success
TXN_0002716,CUST_00127,3771.65,2024-08-21,2,East,Success
TXN_0002717,CUST_00001,9850.26,2024-06-11,6,East,Success
TXN_0002718,CUST_01192,1207.81,2024-04-25,6,North,Success
TXN_0002719,CUST_00019,582.83,2024-04-02,4,East,Success
TXN_0002720,CUST_00584,445.24,2024-02-11,6,South,Success
TXN_0002721,CUST_00456,1957.9,2024-10-10,8,East,Success
TXN_0002722,CUST_00957,1299.15,2024-07-28,5,South,Success
TXN_0002723,CUST_01133,2607.87,2024-07-24,5,East,Success
TXN_0002724,CUST_00445,2455.48,2024-08-07,8,South,Success
TXN_0002725,CUST_00602,612.43,2024-10-06,6,North,Success
TXN_0002726,CUST_00103,517.03,2024-05-15,3,West,Success
TXN_0002727,CUST_00988,2798.24,2024-04-15,5,East,Success
TXN_0002728,CUST_00520,2461.05,2024-04-27,3,North,Success
TXN_0002729,CUST_01177,1570.81,2024-08-24,7,North,Success
TXN_0002730,CUST_00859,586.57,2024-11-04,4,East,Success
TXN_0002731,CUST_00174,3219.92,2024-04-09,7,East,Success
TXN_0002732,CUST_01005,6109.01,2024-09-17,7,South,Success
TXN_0002733,CUST_00431,2758.34,2024-10-31,7,East,Success
TXN_0002734,CUST_00727,1121.05,2024-12-19,5,East,Success
TXN_0002735,CUST_00850,2288.48,2024-10-12,5,South,Success
TXN_0002736,CUST_00990,740.34,2024-11-23,5,South,Success
TXN_0002737,CUST_00639,5148.03,2024-04-12,2,East,Success
TXN_0002738,CUST_00420,2357.78,2024-03-03,5,East,Success
TXN_0002739,CUST_00594,536.72,2024-06-23,5,East,Success
TXN_0002740,CUST_00485,1736.21,2024-10-08,5,West,Success
TXN_0002741,CUST_00412,3199.15,2024-10-19,3,West,Success
TXN_0002742,CUST_00936,1691.82,2024-08-13,2,North,Fail
TXN_0002743,CUST_01108,1770.97,2024-01-07,6,North,Success
TXN_0002744,CUST_01137,829.21,2024-05-06,8,East,Success
TXN_0002745,CUST_00332,3474.59,2024-04-01,6,South,Success
TXN_0002746,CUST_00655,1314.52,2024-07-08,7,East,Success
TXN_0002747,CUST_00041,393.41,2024-12-24,4,East,Success
TXN_0002748,CUST_00959,1640.89,2024-02-22,3,North,Success
TXN_0002749,CUST_00105,4841.21,2024-08-29,4,East,Success
TXN_0002750,CUST_00202,1620.45,2024-05-11,6,East,Success
TXN_0002751,CUST_00450,8869.63,2024-12-29,7,North,Success
TXN_0002752,CUST_00910,3112.48,2024-04-21,7,North,Success
TXN_0002753,CUST_00210,2895.77,2024-01-07,6,South,Success
TXN_0002754,CUST_00563,1992.77,2024-08-17,5,South,Success
TXN_0002755,CUST_01142,2090.94,2024-06-04,7,South,Success
TXN_0002756,CUST_00713,1788.73,2024-07-15,5,West,Success
TXN_0002757,CUST_00771,1734.0,2024-11-18,3,West,Success
TXN_0002758,CUST_01108,3376.83,2024-12-29,5,East,Success
TXN_0002759,CUST_00454,1044.54,2024-08-10,5,South,Success
TXN_0002760,CUST_00667,933.82,2024-09-06,4,North,Success
TXN_0002761,CUST_00629,899.14,2024-03-23,3,South,Success
TXN_0002762,CUST_00387,11344.9,2024-08-27,5,East,Success
TXN_0002763,CUST_00296,3375.42,2024-12-25,6,West,Success
TXN_0002764,CUST_00258,2817.47,2024-11-18,4,West,Success
TXN_0002765,CUST_01105,947.65,2024-09-19,6,East,Success
TXN_0002766,CUST_00268,3636.13,2024-07-07,5,South,Success
TXN_0002767,CUST_00419,2011.72,2024-10-16,3,East,Success
TXN_0002768,CUST_00235,2621.06,2024-12-27,5,East,Success
TXN_0002769,CUST_00986,1011.01,2024-02-27,5,West,Success
TXN_0002770,CUST_00574,2510.44,2024-01-09,5,West,Success
TXN_0002771,CUST_00049,1573.3,2024-10-30,7,West,Success
TXN_0002772,CUST_01151,1196.93,2024-04-24,9,East,Success
TXN_0002773,CUST_00223,3973.03,2024-07-28,1,South,Success
TXN_0002774,CUST_00921,645.38,2024-02-10,4,East,Success
TXN_0002775,CUST_00277,3469.69,2024-10-30,5,South,Success
TXN_0002776,CUST_01131,3818.41,2024-06-21,3,South,Success
TXN_0002777,CUST_00420,1092.57,2024-08-21,2,East,Success
TXN_0002778,CUST_00611,1145.66,2024-10-07,5,South,Success
TXN_0002779,CUST_00375,1847.48,2024-03-18,3,South,Success
TXN_0002780,CUST_00073,2767.3,2024-04-17,6,East,Success
TXN_0002781,CUST_01054,1954.16,2024-10-07,2,West,Success
TXN_0002782,CUST_00195,3123.94,2024-02-08,4,East,Fail
TXN_0002783,CUST_01180,9048.77,2024-04-28,5,West,Success
TXN_0002784,CUST_01196,1471.19,2024-11-30,5,South,Success
TXN_0002785,CUST_00847,559.95,2024-12-01,6,West,Success
TXN_0002786,CUST_01065,4275.85,2024-01-27,3,West,Success
TXN_0002787,CUST_01087,8490.06,2024-04-13,5,North,Success
TXN_0002788,CUST_00023,3023.63,2024-03-14,6,North,Success
TXN_0002789,CUST_00360,925.01,2024-07-09,5,West,Success
TXN_0002790,CUST_01099,1999.97,2024-11-19,7,North,Success
TXN_0002791,CUST_00560,902.51,2024-05-26,5,West,Success
TXN_0002792,CUST_00672,3693.33,2024-09-11,4,North,Success
TXN_0002793,CUST_01142,749.17,2024-10-10,3,South,Success
TXN_0002794,CUST_00679,1736.97,2024-07-31,4,East,Fail
TXN_0002795,CUST_00440,988.84,2024-05-02,3,North,Success
TXN_0002796,CUST_00933,2444.17,2024-07-24,4,East,Success
TXN_0002797,CUST_00007,1647.36,2024-08-27,4,North,Fail
TXN_0002798,CUST_00421,2543.79,2024-12-04,4,West,Fail
TXN_0002799,CUST_00833,2248.19,2024-10-12,4,North,Success
TXN_0002800,CUST_00559,1002.92,2024-01-22,4,North,Success
TXN_0002801,CUST_01172,3646.42,2024-09-15,6,East,Success
TXN_0002802,CUST_00914,2123.85,2024-12-22,3,East,Success
TXN_0002803,CUST_01007,1001.42,2024-04-14,4,North,Success
TXN_0002804,CUST_00126,13263.1,2024-09-14,5,East,Success
TXN_0002805,CUST_00395,3232.93,2024-07-22,4,North,Success
TXN_0002806,CUST_00817,1953.53,2024-11-05,7,West,Success
TXN_0002807,CUST_00881,6851.09,2024-09-18,5,West,Success
TXN_0002808,CUST_00576,9637.84,2024-04-16,5,South,Success
TXN_0002809,CUST_00325,1965.93,2024-09-07,4,East,Success
TXN_0002810,CUST_00930,2915.85,2024-08-08,5,North,Success
TXN_0002811,CUST_00833,1001.84,2024-08-09,6,West,Success
TXN_0002812,CUST_01055,1963.03,2024-09-14,3,South,Success
TXN_0002813,CUST_00837,1883.24,2024-07-19,5,South,Success
TXN_0002814,CUST_00926,2560.25,2024-09-14,4,North,Success
TXN_0002815,CUST_00443,2881.91,2024-12-14,3,South,Success
TXN_0002816,CUST_00075,3455.98,2024-08-12,7,South,Success
TXN_0002817,CUST_00557,2670.75,2024-07-20,6,North,Fail
TXN_0002818,CUST_01179,838.33,2024-08-13,6,South,Success
TXN_0002819,CUST_00363,1042.34,2024-08-23,5,South,Success
TXN_0002820,CUST_00448,1426.35,2024-07-01,6,North,Success
TXN_0002821,CUST_00262,1762.0,2024-07-18,6,North,Success
TXN_0002822,CUST_00125,5118.51,2024-12-22,2,West,Success
TXN_0002823,CUST_00911,871.01,2024-09-02,6,South,Success
TXN_0002824,CUST_00245,1659.16,2024-12-18,3,West,Success
TXN_0002825,CUST_00542,4733.44,2024-04-20,6,West,Success
TXN_0002826,CUST_00485,1737.32,2024-01-06,1,East,Success
TXN_0002827,CUST_00122,3191.78,2024-08-23,4,North,Success
TXN_0002828,CUST_00125,1975.08,2024-05-06,4,East,Success
TXN_0002829,CUST_00170,2711.96,2024-04-13,9,North,Success
TXN_0002830,CUST_00124,1839.45,2024-08-24,6,East,Success
TXN_0002831,CUST_01059,3765.56,2024-06-03,4,North,Success
TXN_0002832,CUST_01111,641.59,2024-09-13,4,South,Success
TXN_0002833,CUST_00646,1651.35,2024-08-22,4,South,Success
TXN_0002834,CUST_00786,2799.67,2024-10-15,5,West,Success
TXN_0002835,CUST_00201,3384.48,2024-02-09,3,East,Success
TXN_0002836,CUST_00369,7290.75,2024-10-14,4,West,Success
TXN_0002837,CUST_00797,1615.15,2024-07-15,6,East,Success
TXN_0002838,CUST_00077,7212.6,2024-09-29,5,North,Success
TXN_0002839,CUST_00059,1303.46,2024-09-20,6,North,Success
TXN_0002840,CUST_00431,6392.73,2024-02-26,4,East,Success
TXN_0002841,CUST_00638,4247.02,2024-10-24,6,East,Success
TXN_0002842,CUST_00109,1063.41,2024-04-07,11,South,Success
TXN_0002843,CUST_01008,2823.21,2024-05-16,4,East,Success
TXN_0002844,CUST_00068,2119.66,2024-03-27,4,South,Success
TXN_0002845,CUST_01093,3642.65,2024-08-29,5,East,Success
TXN_0002846,CUST_01189,1847.12,2024-07-17,1,South,Success
TXN_0002847,CUST_00305,1727.11,2024-11-05,6,West,Success
TXN_0002848,CUST_00674,6602.98,2024-03-24,6,South,Success
TXN_0002849,CUST_00365,2040.65,2024-08-29,4,West,Success
TXN_0002850,CUST_00821,4277.56,2024-10-07,3,South,Success
TXN_0002851,CUST_00343,1844.05,2024-11-18,4,North,Success
TXN_0002852,CUST_00947,8377.72,2024-09-08,7,South,Success
TXN_0002853,CUST_00899,1283.48,2024-07-08,5,East,Success
TXN_0002854,CUST_01133,1351.11,2024-05-31,4,West,Fail
TXN_0002855,CUST_00762,7477.2,2024-10-28,4,East,Success
TXN_0002856,CUST_00341,1546.95,2024-10-04,2,East,Success
TXN_0002857,CUST_00942,7949.46,2024-05-18,6,North,Success
TXN_0002858,CUST_00383,4507.39,2024-06-24,4,South,Success
TXN_0002859,CUST_01004,1951.36,2024-01-08,6,North,Success
TXN_0002860,CUST_00300,517.68,2024-10-21,3,South,Success
TXN_0002861,CUST_00139,2174.48,2024-08-22,7,East,Success
TXN_0002862,CUST_00359,2395.4,2024-06-11,6,South,Success
TXN_0002863,CUST_00836,5618.24,2024-02-18,4,North,Success
TXN_0002864,CUST_00483,7869.56,2024-10-28,8,West,Fail
TXN_0002865,CUST_00909,1276.67,2024-02-07,4,North,Success
TXN_0002866,CUST_01135,4192.05,2024-05-15,3,North,Success
TXN_0002867,CUST_00866,4073.76,2024-11-05,3,North,Success
TXN_0002868,CUST_00139,5212.06,2024-08-06,7,West,Success
TXN_0002869,CUST_00996,3291.02,2024-12-13,5,East,Success
TXN_0002870,CUST_00435,466.85,2024-10-22,6,North,Success
TXN_0002871,CUST_00509,1950.15,2024-02-03,7,North,Success
TXN_0002872,CUST_00273,876.06,2024-12-17,7,North,Fail
TXN_0002873,CUST_01123,1877.91,2024-03-19,2,West,Success
TXN_0002874,CUST_00104,4836.77,2024-08-23,6,West,Success
TXN_0002875,CUST_00762,2818.95,2024-09-29,7,West,Success
TXN_0002876,CUST_00787,5532.93,2024-06-09,6,East,Success
TXN_0002877,CUST_00165,2902.72,2024-06-23,6,South,Success
TXN_0002878,CUST_00999,781.6,2024-11-03,5,East,Success
TXN_0002879,CUST_00520,293.92,2024-08-08,6,East,Success
TXN_0002880,CUST_00517,2487.53,2024-01-09,2,East,Success
TXN_0002881,CUST_00657,1860.98,2024-10-15,5,South,Success
TXN_0002882,CUST_00613,1010.75,2024-04-22,10,North,Success
TXN_0002883,CUST_00164,566.51,2024-07-23,8,West,Success
TXN_0002884,CUST_00064,1226.85,2024-07-04,4,East,Success
TXN_0002885,CUST_01115,1890.14,2024-12-06,7,West,Success
TXN_0002886,CUST_01141,3761.99,2024-07-15,3,West,Success
TXN_0002887,CUST_00267,2568.06,2024-09-22,6,West,Success
TXN_0002888,CUST_01164,7994.06,2024-09-18,5,North,Success
TXN_0002889,CUST_00246,964.41,2024-09-04,6,West,Success
TXN_0002890,CUST_00395,4468.67,2024-04-24,3,West,Success
TXN_0002891,CUST_00476,2293.51,2024-04-30,4,North,Success
TXN_0002892,CUST_00977,3849.64,2024-05-20,6,West,Success
TXN_0002893,CUST_01044,1557.42,2024-03-05,3,South,Success
TXN_0002894,CUST_00558,5204.84,2024-10-02,7,South,Fail
TXN_0002895,CUST_01018,2796.66,2024-11-08,5,East,Success
TXN_0002896,CUST_00883,1282.34,2024-08-26,3,South,Success
TXN_0002897,CUST_00147,2187.21,2024-10-28,3,South,Success
TXN_0002898,CUST_00666,1823.21,2024-01-10,6,South,Success
TXN_0002899,CUST_00620,3266.07,2024-08-20,3,North,Success
TXN_0002900,CUST_00820,859.35,2024-07-13,3,South,Success
TXN_0002901,CUST_00864,2157.1,2024-01-12,5,West,Success
TXN_0002902,CUST_00582,3029.78,2024-06-25,6,East,Success
TXN_0002903,CUST_01023,2267.47,2024-06-25,4,West,Success
TXN_0002904,CUST_00695,6486.98,2024-08-04,5,West,Success
TXN_0002905,CUST_01126,4101.95,2024-01-11,5,South,Success
TXN_0002906,CUST_00407,2195.17,2024-04-27,6,East,Success
TXN_0002907,CUST_00399,2626.35,2024-06-12,4,West,Success
TXN_0002908,CUST_00715,2797.64,2024-02-08,4,East,Success
TXN_0002909,CUST_00704,3049.22,2024-02-22,7,South,Success
TXN_0002910,CUST_00761,512.59,2024-08-05,6,West,Success
TXN_0002911,CUST_00499,1735.03,2024-07-24,9,North,Success
TXN_0002912,CUST_00974,673.47,2024-11-07,3,West,Success
TXN_0002913,CUST_00082,6140.27,2024-12-25,7,West,Success
TXN_0002914,CUST_00604,2103.42,2024-02-25,7,East,Success
TXN_0002915,CUST_00772,1891.88,2024-04-27,7,East,Success
TXN_0002916,CUST_00903,4525.29,2024-09-09,5,East,Success
TXN_0002917,CUST_00365,3095.98,2024-10-12,5,South,Success
TXN_0002918,CUST_00163,895.24,2024-09-24,5,East,Success
TXN_0002919,CUST_01072,2086.57,2024-10-17,2,South,Success
TXN_0002920,CUST_00511,1688.96,2024-11-28,3,East,Success
TXN_0002921,CUST_00116,546.96,2024-06-28,6,North,Success
TXN_0002922,CUST_00941,1271.28,2024-12-23,6,East,Success
TXN_0002923,CUST_00337,1906.77,2024-08-22,6,South,Success
TXN_0002924,CUST_00881,2014.32,2024-12-08,4,South,Fail
TXN_0002925,CUST_00737,674.66,2024-07-14,5,West,Success
TXN_0002926,CUST_00840,5548.78,2024-11-03,9,East,Success
TXN_0002927,CUST_00147,2035.14,2024-03-20,8,South,Success
TXN_0002928,CUST_00443,2275.7,2024-05-14,2,West,Success
TXN_0002929,CUST_00837,3042.74,2024-01-22,6,North,Success
TXN_0002930,CUST_01037,1175.61,2024-11-26,6,South,Success
TXN_0002931,CUST_00943,3181.43,2024-08-12,3,East,Success
TXN_0002932,CUST_00287,1646.39,2024-02-27,7,North,Success
TXN_0002933,CUST_00720,1077.86,2024-04-02,4,South,Fail
TXN_0002934,CUST_01138,3493.84,2024-07-10,5,East,Success
TXN_0002935,CUST_00480,7283.3,2024-04-12,2,South,Success
TXN_0002936,CUST_00022,3943.66,2024-01-07,9,East,Success
TXN_0002937,CUST_00683,4621.07,2024-05-07,3,West,Fail
TXN_0002938,CUST_00906,1456.07,2024-02-24,3,South,Success
TXN_0002939,CUST_00320,615.17,2024-08-18,6,South,Success
TXN_0002940,CUST_00126,7274.35,2024-12-27,4,North,Success
TXN_0002941,CUST_00277,11425.6,2024-03-02,5,West,Success
TXN_0002942,CUST_00194,7587.41,2024-08-27,7,North,Success
TXN_0002943,CUST_00696,1688.12,2024-03-30,4,South,Success
TXN_0002944,CUST_00057,876.81,2024-08-19,9,West,Success
TXN_0002945,CUST_01187,941.48,2024-08-20,6,East,Success
TXN_0002946,CUST_00019,574.22,2024-12-19,2,West,Success
TXN_0002947,CUST_00264,2026.56,2024-11-28,5,West,Success
TXN_0002948,CUST_00794,7978.79,2024-10-18,2,East,Success
TXN_0002949,CUST_00113,1971.74,2024-12-10,5,South,Success
TXN_0002950,CUST_00542,2812.58,2024-05-31,4,South,Success
TXN_0002951,CUST_00647,6637.41,2024-05-24,4,North,Success
TXN_0002952,CUST_00579,1598.34,2024-05-09,5,South,Success
TXN_0002953,CUST_01089,11253.4,2024-05-20,5,South,Success
TXN_0002954,CUST_00025,10869.06,2024-04-02,3,East,Success
TXN_0002955,CUST_00001,1988.45,2024-04-23,5,North,Success
TXN_0002956,CUST_00911,1391.27,2024-10-10,4,West,Success
TXN_0002957,CUST_00141,3857.56,2024-05-22,4,North,Success
TXN_0002958,CUST_00648,1672.34,2024-08-10,7,South,Success
TXN_0002959,CUST_00188,875.47,2024-08-19,6,North,Success
TXN_0002960,CUST_01152,6154.82,2024-02-02,6,West,Success
TXN_0002961,CUST_00201,5843.92,2024-10-02,4,East,Success
TXN_0002962,CUST_01151,2500.91,2024-06-18,4,South,Success
TXN_0002963,CUST_00257,804.09,2024-05-19,6,South,Fail
TXN_0002964,CUST_00547,825.82,2024-12-22,2,West,Success
TXN_0002965,CUST_00194,2406.15,2024-07-19,4,East,Success
TXN_0002966,CUST_00703,1480.45,2024-01-23,4,North,Success
TXN_0002967,CUST_01128,1680.97,2024-08-11,8,West,Success
TXN_0002968,CUST_00802,5001.89,2024-09-26,4,North,Success
TXN_0002969,CUST_00942,3970.09,2024-12-12,7,East,Success
TXN_0002970,CUST_00414,6650.94,2024-06-01,4,East,Success
TXN_0002971,CUST_01099,999.75,2024-11-28,7,East,Success
TXN_0002972,CUST_00910,1678.15,2024-03-25,8,East,Success
TXN_0002973,CUST_00188,4052.89,2024-04-18,6,North,Success
TXN_0002974,CUST_00045,3160.43,2024-01-31,4,West,Success
TXN_0002975,CUST_00083,7524.38,2024-08-16,2,West,Success
TXN_0002976,CUST_01147,3091.55,2024-08-27,4,North,Success
TXN_0002977,CUST_00358,9686.49,2024-12-28,2,East,Success
TXN_0002978,CUST_01090,3401.64,2024-11-05,6,East,Success
TXN_0002979,CUST_00936,5165.38,2024-05-20,2,South,Success
TXN_0002980,CUST_00375,1704.77,2024-06-04,10,South,Success
TXN_0002981,CUST_00162,2233.73,2024-10-25,9,North,Success
TXN_0002982,CUST_00322,4576.8,2024-12-10,6,West,Success
TXN_0002983,CUST_00450,8025.53,2024-04-08,4,South,Success
TXN_0002984,CUST_01037,3957.59,2024-02-16,7,South,Success
TXN_0002985,CUST_00184,2066.19,2024-11-22,4,West,Success
TXN_0002986,CUST_00111,6646.65,2024-03-07,5,South,Fail
TXN_0002987,CUST_00508,382.38,2024-03-02,3,West,Success
TXN_0002988,CUST_00295,707.84,2024-04-18,3,North,Success
TXN_0002989,CUST_00904,3809.71,2024-06-15,4,South,Fail
TXN_0002990,CUST_00974,2233.41,2024-02-06,5,East,Success
TXN_0002991,CUST_00632,3584.63,2024-04-28,6,North,Fail
TXN_0002992,CUST_01051,2325.12,2024-03-26,7,South,Success
TXN_0002993,CUST_00733,3486.86,2024-02-21,4,West,Success
TXN_0002994,CUST_00321,1151.11,2024-03-31,2,North,Success
TXN_0002995,CUST_00913,3485.58,2024-10-15,6,South,Success
TXN_0002996,CUST_00437,4892.86,2024-12-02,2,North,Success
TXN_0002997,CUST_00781,5863.14,2024-10-24,4,East,Success
TXN_0002998,CUST_01077,11057.27,2024-07-22,3,South,Success
TXN_0002999,CUST_00726,2684.58,2024-08-25,5,South,Success
TXN_0003000,CUST_00031,2749.37,2024-06-03,3,West,Success
TXN_0003001,CUST_00337,652.92,2024-08-27,6,North,Success
TXN_0003002,CUST_00183,1443.56,2024-05-15,4,East,Success
TXN_0003003,CUST_01047,1892.27,2024-12-27,6,West,Success
TXN_0003004,CUST_00544,5116.65,2024-03-04,3,South,Success
TXN_0003005,CUST_01098,1354.52,2024-05-02,3,West,Success
TXN_0003006,CUST_01034,4175.85,2024-09-10,4,West,Success
TXN_0003007,CUST_00660,2205.48,2024-04-23,4,East,Success
TXN_0003008,CUST_00160,1916.52,2024-01-20,2,South,Success
TXN_0003009,CUST_01038,2694.9,2024-01-16,2,East,Success
TXN_0003010,CUST_00412,1614.98,2024-05-24,7,South,Success
TXN_0003011,CUST_01012,1566.77,2024-07-26,4,North,Success
TXN_0003012,CUST_00053,564.63,2024-01-19,6,North,Success
TXN_0003013,CUST_00408,1811.0,2024-06-14,1,East,Success
TXN_0003014,CUST_00847,1504.21,2024-02-07,6,West,Success
TXN_0003015,CUST_01046,1461.5,2024-06-29,5,South,Success
TXN_0003016,CUST_01054,3082.51,2024-12-14,3,South,Success
TXN_0003017,CUST_00703,3740.24,2024-04-14,4,East,Success
TXN_0003018,CUST_00260,2659.13,2024-04-09,5,West,Fail
TXN_0003019,CUST_01083,4896.78,2024-03-30,7,West,Success
TXN_0003020,CUST_00776,3499.76,2024-10-26,2,South,Success
TXN_0003021,CUST_01036,1744.03,2024-11-27,3,North,Success
TXN_0003022,CUST_00850,1524.95,2024-03-19,6,South,Success
TXN_0003023,CUST_00354,2836.31,2024-03-13,6,North,Success
TXN_0003024,CUST_01099,3494.74,2024-06-24,5,East,Success
TXN_0003025,CUST_00873,6756.6,2024-04-05,5,West,Success
TXN_0003026,CUST_00991,5726.95,2024-12-10,3,South,Success
TXN_0003027,CUST_01018,1431.99,2024-04-12,2,East,Success
TXN_0003028,CUST_01178,2035.29,2024-08-11,5,West,Success
TXN_0003029,CUST_01120,3777.49,2024-01-06,6,North,Success
TXN_0003030,CUST_00294,5189.53,2024-05-01,4,East,Success
TXN_0003031,CUST_00209,4680.57,2024-08-23,4,East,Success
TXN_0003032,CUST_01112,2098.33,2024-04-25,2,South,Success
TXN_0003033,CUST_00818,809.8,2024-06-11,5,East,Success
TXN_0003034,CUST_00390,993.12,2024-08-13,3,East,Success
TXN_0003035,CUST_00325,2746.57,2024-08-17,4,South,Success
TXN_0003036,CUST_00940,2903.81,2024-06-30,10,East,Success
TXN_0003037,CUST_00889,916.95,2024-09-05,5,North,Success
TXN_0003038,CUST_01181,2288.51,2024-11-13,4,South,Success
TXN_0003039,CUST_00668,3659.13,2024-07-28,3,North,Success
TXN_0003040,CUST_00633,879.21,2024-05-23,8,South,Success
TXN_0003041,CUST_00577,5345.43,2024-12-10,2,West,Success
TXN_0003042,CUST_00137,1632.68,2024-04-05,4,East,Success
TXN_0003043,CUST_00428,6039.58,2024-12-11,4,West,Success
TXN_0003044,CUST_00612,1441.21,2024-08-31,6,North,Success
TXN_0003045,CUST_00911,971.36,2024-03-26,4,West,Success
TXN_0003046,CUST_00819,1530.72,2024-07-02,2,North,Success
TXN_0003047,CUST_00141,2046.49,2024-04-30,7,West,Success
TXN_0003048,CUST_01107,1618.44,2024-11-27,5,North,Success
TXN_0003049,CUST_00177,1857.89,2024-04-01,6,East,Success
TXN_0003050,CUST_00198,2884.69,2024-03-10,1,West,Success
TXN_0003051,CUST_00624,1925.72,2024-05-12,4,North,Success
TXN_0003052,CUST_00691,2094.58,2024-10-05,6,North,Success
TXN_0003053,CUST_00401,562.63,2024-05-16,4,West,Success
TXN_0003054,CUST_00471,3021.05,2024-11-09,2,West,Success
TXN_0003055,CUST_00218,2056.25,2024-07-05,4,West,Success
TXN_0003056,CUST_00929,8008.3,2024-08-08,3,East,Success
TXN_0003057,CUST_00632,1041.43,2024-02-15,7,East,Success
TXN_0003058,CUST_00951,519.76,2024-10-04,5,East,Success
TXN_0003059,CUST_00906,3620.82,2024-07-10,5,West,Success
TXN_0003060,CUST_00175,2913.82,2024-01-08,6,North,Success
TXN_0003061,CUST_00023,985.6,2024-10-02,4,North,Fail
TXN_0003062,CUST_00235,649.5,2024-06-27,6,North,Success
TXN_0003063,CUST_01037,7554.64,2024-11-29,6,South,Success
TXN_0003064,CUST_01125,6845.1,2024-02-08,9,West,Success
TXN_0003065,CUST_00929,301.88,2024-10-19,9,North,Success
TXN_0003066,CUST_00523,1530.61,2024-06-26,6,West,Success
TXN_0003067,CUST_00431,8361.17,2024-06-10,6,West,Success
TXN_0003068,CUST_00793,1508.92,2024-11-26,5,North,Success
TXN_0003069,CUST_00533,1491.46,2024-04-13,4,West,Success
TXN_0003070,CUST_00979,1761.27,2024-06-09,7,South,Success
TXN_0003071,CUST_00810,900.8,2024-10-13,4,South,Success
TXN_0003072,CUST_00913,564.63,2024-05-02,6,North,Success
TXN_0003073,CUST_01125,5125.78,2024-02-23,2,West,Success
TXN_0003074,CUST_00871,505.55,2024-02-03,9,South,Success
TXN_0003075,CUST_00540,2691.4,2024-08-29,5,North,Success
TXN_0003076,CUST_01024,4488.45,2024-04-22,4,East,Success
TXN_0003077,CUST_00227,691.61,2024-11-13,5,East,Fail
TXN_0003078,CUST_00873,1054.25,2024-01-23,5,East,Success
TXN_0003079,CUST_00892,5828.67,2024-02-15,4,East,Success
TXN_0003080,CUST_01037,3382.31,2024-11-07,5,South,Success
TXN_0003081,CUST_00210,1347.72,2024-05-14,8,North,Success
TXN_0003082,CUST_00741,5777.92,2024-04-27,4,South,Success
TXN_0003083,CUST_00397,5797.77,2024-07-07,4,East,Success
TXN_0003084,CUST_01124,2738.71,2024-05-10,6,West,Success
TXN_0003085,CUST_00031,1074.78,2024-07-30,9,East,Success
TXN_0003086,CUST_00898,1586.43,2024-04-22,5,West,Fail
TXN_0003087,CUST_00649,2776.95,2024-02-13,4,North,Success
TXN_0003088,CUST_00329,1899.08,2024-05-07,6,South,Success
TXN_0003089,CUST_01190,4680.53,2024-12-29,3,West,Success
TXN_0003090,CUST_00952,649.49,2024-06-06,5,East,Success
TXN_0003091,CUST_01124,668.2,2024-09-29,7,South,Success
TXN_0003092,CUST_00621,2552.16,2024-11-10,7,West,Success
TXN_0003093,CUST_01197,1490.35,2024-12-20,5,North,Success
TXN_0003094,CUST_00162,1337.24,2024-12-05,3,West,Fail
TXN_0003095,CUST_00776,536.76,2024-02-14,5,West,Fail
TXN_0003096,CUST_00274,2243.15,2024-04-17,8,North,Fail
TXN_0003097,CUST_01027,2117.09,2024-08-06,7,South,Success
TXN_0003098,CUST_01052,3724.85,2024-11-13,7,North,Success
TXN_0003099,CUST_00326,2333.5,2024-11-10,7,South,Fail
TXN_0003100,CUST_00940,1986.08,2024-06-25,4,South,Success
TXN_0003101,CUST_01173,5662.39,2024-08-15,3,South,Success
TXN_0003102,CUST_00540,772.8,2024-07-09,4,West,Success
TXN_0003103,CUST_00488,3391.78,2024-06-08,4,East,Success
TXN_0003104,CUST_00822,580.03,2024-09-23,5,East,Success
TXN_0003105,CUST_01089,1129.25,2024-12-23,10,West,Success
TXN_0003106,CUST_00356,837.04,2024-11-21,5,South,Success
TXN_0003107,CUST_00235,4128.02,2024-07-08,7,North,Success
TXN_0003108,CUST_00227,2095.76,2024-06-23,4,North,Success
TXN_0003109,CUST_00049,2184.62,2024-10-16,8,East,Success
TXN_0003110,CUST_00118,911.06,2024-12-22,3,South,Success
TXN_0003111,CUST_00054,1737.57,2024-05-24,6,West,Success
TXN_0003112,CUST_00565,1198.98,2024-08-19,5,West,Success
TXN_0003113,CUST_01068,3001.19,2024-12-25,7,East,Success
TXN_0003114,CUST_00053,999.37,2024-07-22,9,South,Success
TXN_0003115,CUST_00558,6398.61,2024-07-31,2,North,Success
TXN_0003116,CUST_01126,577.98,2024-02-09,5,North,Success
TXN_0003117,CUST_00868,1158.39,2024-10-01,4,West,Success
TXN_0003118,CUST_00398,8448.64,2024-11-18,6,East,Success
TXN_0003119,CUST_01162,1559.14,2024-03-22,5,West,Success
TXN_0003120,CUST_00675,771.32,2024-06-29,2,North,Success
TXN_0003121,CUST_00387,2631.36,2024-11-15,5,West,Success
TXN_0003122,CUST_00111,1509.73,2024-03-23,5,South,Success
TXN_0003123,CUST_00614,1131.5,2024-10-29,3,North,Success
TXN_0003124,CUST_00017,919.02,2024-09-18,7,North,Success
TXN_0003125,CUST_00884,20225.49,2024-09-28,3,West,Success
TXN_0003126,CUST_00541,1805.8,2024-07-18,3,West,Success
TXN_0003127,CUST_00171,473.21,2024-08-27,3,East,Success
TXN_0003128,CUST_00409,7295.17,2024-06-28,2,West,Success
TXN_0003129,CUST_00740,3600.6,2024-06-19,3,South,Success
TXN_0003130,CUST_00858,1196.11,2024-10-21,3,East,Success
TXN_0003131,CUST_00230,1046.81,2024-06-25,5,East,Success
TXN_0003132,CUST_00119,3784.91,2024-08-24,3,North,Success
TXN_0003133,CUST_01180,1812.51,2024-05-17,5,South,Success
TXN_0003134,CUST_00784,473.06,2024-11-22,5,South,Success
TXN_0003135,CUST_00465,9226.1,2024-11-06,6,East,Success
TXN_0003136,CUST_00104,1560.57,2024-05-08,6,East,Success
TXN_0003137,CUST_00698,7306.05,2024-02-18,5,North,Success
TXN_0003138,CUST_00175,6141.03,2024-06-12,7,West,Success
TXN_0003139,CUST_00745,991.47,2024-10-03,5,South,Fail
TXN_0003140,CUST_01158,5047.01,2024-10-19,3,South,Success
TXN_0003141,CUST_00665,1311.39,2024-04-25,6,North,Success
TXN_0003142,CUST_00033,496.03,2024-01-24,7,East,Success
TXN_0003143,CUST_00055,1572.34,2024-11-06,5,South,Success
TXN_0003144,CUST_00519,3035.43,2024-01-25,5,North,Success
TXN_0003145,CUST_00756,1525.09,2024-05-06,7,East,Success
TXN_0003146,CUST_00012,1727.38,2024-08-21,5,North,Fail
TXN_0003147,CUST_00720,5512.94,2024-07-27,4,South,Success
TXN_0003148,CUST_00555,2404.74,2024-04-02,6,East,Success
TXN_0003149,CUST_00373,1124.8,2024-04-03,4,North,Fail
TXN_0003150,CUST_00484,3872.38,2024-11-22,2,North,Success
TXN_0003151,CUST_00973,2586.71,2024-08-12,3,North,Success
TXN_0003152,CUST_00623,293.75,2024-10-06,4,South,Success
TXN_0003153,CUST_00307,3110.95,2024-01-11,6,South,Success
TXN_0003154,CUST_00457,3021.36,2024-11-24,4,West,Success
TXN_0003155,CUST_00160,2244.18,2024-01-12,5,South,Fail
TXN_0003156,CUST_00331,4506.88,2024-02-04,4,North,Success
TXN_0003157,CUST_00776,1289.6,2024-08-15,4,South,Success
TXN_0003158,CUST_00225,2890.54,2024-08-07,5,North,Success
TXN_0003159,CUST_00983,630.45,2024-05-20,6,North,Fail
TXN_0003160,CUST_00729,3058.48,2024-01-23,7,North,Success
TXN_0003161,CUST_01069,10534.89,2024-03-23,6,East,Success
TXN_0003162,CUST_01083,996.37,2024-08-16,5,West,Success
TXN_0003163,CUST_00644,1202.5,2024-12-09,6,West,Success
TXN_0003164,CUST_00616,1251.36,2024-03-20,4,North,Success
TXN_0003165,CUST_00195,2450.38,2024-12-18,7,South,Success
TXN_0003166,CUST_00489,943.48,2024-10-16,2,West,Success
TXN_0003167,CUST_00157,3093.31,2024-11-26,3,North,Success
TXN_0003168,CUST_00610,4348.0,2024-06-07,5,South,Success
TXN_0003169,CUST_00412,3386.25,2024-05-07,6,East,Success
TXN_0003170,CUST_01103,536.61,2024-07-08,4,East,Success
TXN_0003171,CUST_01148,4895.81,2024-01-31,5,North,Success
TXN_0003172,CUST_00471,4674.58,2024-12-24,3,South,Success
TXN_0003173,CUST_00516,4290.37,2024-01-15,5,East,Success
TXN_0003174,CUST_01128,2975.82,2024-11-08,6,East,Success
TXN_0003175,CUST_00393,2633.72,2024-03-15,7,East,Success
TXN_0003176,CUST_00631,5043.78,2024-02-03,5,South,Fail
TXN_0003177,CUST_00608,10288.8,2024-12-24,8,North,Success
TXN_0003178,CUST_00980,1030.26,2024-07-14,5,North,Success
TXN_0003179,CUST_00434,5231.75,2024-11-26,3,East,Success
TXN_0003180,CUST_01167,2061.16,2024-01-29,2,North,Success
TXN_0003181,CUST_00540,1990.74,2024-07-12,3,West,Success
TXN_0003182,CUST_00278,645.98,2024-01-16,3,East,Success
TXN_0003183,CUST_00233,1758.42,2024-03-17,3,South,Success
TXN_0003184,CUST_01114,994.45,2024-10-19,3,North,Success
TXN_0003185,CUST_00362,1523.73,2024-03-21,4,South,Success
TXN_0003186,CUST_00026,917.31,2024-05-03,7,North,Success
TXN_0003187,CUST_01049,1542.06,2024-01-19,3,South,Fail
TXN_0003188,CUST_00507,1595.77,2024-04-11,10,South,Success
TXN_0003189,CUST_00267,2386.07,2024-03-17,4,North,Success
TXN_0003190,CUST_00461,606.8,2024-08-16,4,East,Success
TXN_0003191,CUST_00456,694.77,2024-10-23,6,East,Success
TXN_0003192,CUST_01092,2949.91,2024-07-21,3,South,Fail
TXN_0003193,CUST_01007,1166.83,2024-03-01,9,West,Fail
TXN_0003194,CUST_00863,5216.72,2024-01-26,7,South,Success
TXN_0003195,CUST_00491,2644.44,2024-03-11,4,West,Success
TXN_0003196,CUST_01073,3588.21,2024-04-12,3,East,Success
TXN_0003197,CUST_00564,6826.41,2024-11-21,3,West,Success
TXN_0003198,CUST_01126,1723.71,2024-12-28,5,North,Success
TXN_0003199,CUST_00216,1394.67,2024-06-05,12,West,Success
TXN_0003200,CUST_00559,4435.35,2024-12-28,5,North,Success
TXN_0003201,CUST_00159,3319.64,2024-12-24,7,South,Success
TXN_0003202,CUST_00489,1901.0,2024-07-12,2,West,Success
TXN_0003203,CUST_00686,6722.17,2024-10-01,6,North,Success
TXN_0003204,CUST_00794,1863.49,2024-11-19,6,South,Success
TXN_0003205,CUST_00005,2267.01,2024-07-04,6,West,Success
TXN_0003206,CUST_00361,2246.16,2024-11-21,3,West,Success
TXN_0003207,CUST_00459,1045.58,2024-04-22,6,North,Success
TXN_0003208,CUST_00248,2349.76,2024-11-08,6,South,Success
TXN_0003209,CUST_00946,6750.74,2024-06-13,6,North,Success
TXN_0003210,CUST_00422,3152.57,2024-03-01,5,West,Success
TXN_0003211,CUST_00015,2263.91,2024-04-01,5,South,Success
TXN_0003212,CUST_00736,1940.28,2024-10-12,5,East,Success
TXN_0003213,CUST_01146,2877.55,2024-06-01,5,East,Success
TXN_0003214,CUST_00277,4023.12,2024-08-12,3,East,Success
TXN_0003215,CUST_00453,3595.33,2024-05-06,3,West,Fail
TXN_0003216,CUST_00598,1693.42,2024-07-11,6,East,Success
TXN_0003217,CUST_00446,2863.57,2024-04-24,6,West,Success
TXN_0003218,CUST_00210,3242.02,2024-09-18,7,South,Success
TXN_0003219,CUST_00714,986.58,2024-01-18,5,North,Success
TXN_0003220,CUST_00302,2526.49,2024-01-10,6,West,Success
TXN_0003221,CUST_00003,391.88,2024-04-01,3,South,Fail
TXN_0003222,CUST_00990,3248.75,2024-05-18,7,South,Success
TXN_0003223,CUST_01117,3745.37,2024-11-28,1,South,Success
TXN_0003224,CUST_00520,4015.98,2024-12-22,6,North,Success
TXN_0003225,CUST_00493,1609.96,2024-12-05,4,West,Success
TXN_0003226,CUST_00620,2827.75,2024-02-21,3,South,Success
TXN_0003227,CUST_01185,6899.22,2024-07-13,9,East,Fail
TXN_0003228,CUST_00331,6843.23,2024-07-24,5,East,Success
TXN_0003229,CUST_00333,2157.41,2024-10-13,7,South,Success
TXN_0003230,CUST_00050,2468.72,2024-04-02,5,East,Success
TXN_0003231,CUST_00863,5370.78,2024-11-04,3,East,Success
TXN_0003232,CUST_00272,664.72,2024-05-24,8,West,Success
TXN_0003233,CUST_00580,1705.37,2024-03-26,6,North,Success
TXN_0003234,CUST_00560,6428.24,2024-06-01,3,West,Success
TXN_0003235,CUST_00696,4818.22,2024-01-02,6,South,Success
TXN_0003236,CUST_01114,2967.31,2024-12-07,14,South,Success
TXN_0003237,CUST_00446,662.05,2024-09-16,3,East,Success
TXN_0003238,CUST_01017,2121.91,2024-06-12,4,West,Success
TXN_0003239,CUST_01163,1377.56,2024-01-06,5,South,Success
TXN_0003240,CUST_00357,2877.94,2024-05-28,7,South,Success
TXN_0003241,CUST_00274,1155.77,2024-07-23,7,East,Success
TXN_0003242,CUST_01043,972.06,2024-04-27,2,East,Success
TXN_0003243,CUST_00311,423.31,2024-03-29,3,South,Success
TXN_0003244,CUST_00870,5869.02,2024-06-02,5,West,Fail
TXN_0003245,CUST_00886,1603.88,2024-06-15,4,North,Success
TXN_0003246,CUST_00154,2504.18,2024-06-09,6,West,Success
TXN_0003247,CUST_00620,2204.4,2024-09-26,7,East,Success
TXN_0003248,CUST_00883,940.16,2024-02-25,6,South,Success
TXN_0003249,CUST_00797,806.54,2024-08-15,5,East,Success
TXN_0003250,CUST_00125,988.06,2024-12-02,5,South,Success
TXN_0003251,CUST_00619,1238.26,2024-05-28,4,South,Success
TXN_0003252,CUST_00245,2961.01,2024-02-15,6,North,Success
TXN_0003253,CUST_00848,1168.44,2024-05-23,7,East,Success
TXN_0003254,CUST_00450,8930.19,2024-08-25,3,North,Success
TXN_0003255,CUST_00930,5022.69,2024-09-28,7,West,Success
TXN_0003256,CUST_00520,4216.19,2024-04-29,4,East,Success
TXN_0003257,CUST_01165,2006.75,2024-12-05,4,North,Success
TXN_0003258,CUST_00362,7416.22,2024-08-07,5,East,Success
TXN_0003259,CUST_00008,1854.92,2024-01-08,2,North,Success
TXN_0003260,CUST_00478,2153.8,2024-12-09,5,North,Success
TXN_0003261,CUST_00495,2530.01,2024-10-01,1,East,Success
TXN_0003262,CUST_00833,3871.74,2024-12-18,4,West,Success
TXN_0003263,CUST_01063,3675.8,2024-03-06,5,North,Success
TXN_0003264,CUST_00593,1510.05,2024-03-19,5,North,Success
TXN_0003265,CUST_00187,1441.74,2024-03-26,3,East,Fail
TXN_0003266,CUST_00754,3684.62,2024-05-03,7,West,Success
TXN_0003267,CUST_00093,3913.51,2024-07-20,5,East,Success
TXN_0003268,CUST_00086,1612.14,2024-05-29,6,South,Success
TXN_0003269,CUST_01068,620.33,2024-02-15,6,East,Success
TXN_0003270,CUST_00137,1870.85,2024-04-22,4,South,Success
TXN_0003271,CUST_00421,3636.66,2024-03-31,3,North,Success
TXN_0003272,CUST_00074,9361.24,2024-05-20,6,West,Success
TXN_0003273,CUST_01180,846.94,2024-10-15,4,West,Success
TXN_0003274,CUST_00171,1569.86,2024-08-05,13,East,Success
TXN_0003275,CUST_00170,1617.24,2024-03-17,6,South,Success
TXN_0003276,CUST_00872,6533.15,2024-11-29,3,East,Success
TXN_0003277,CUST_00322,2147.47,2024-05-31,5,West,Success
TXN_0003278,CUST_00456,1068.64,2024-11-18,6,South,Success
TXN_0003279,CUST_00944,3452.85,2024-08-26,7,West,Success
TXN_0003280,CUST_00790,1597.65,2024-04-24,2,South,Fail
TXN_0003281,CUST_00613,829.22,2024-11-14,4,East,Success
TXN_0003282,CUST_01179,1081.15,2024-04-03,7,North,Success
TXN_0003283,CUST_00889,8841.69,2024-02-17,7,North,Success
TXN_0003284,CUST_00349,3003.0,2024-07-09,4,South,Success
TXN_0003285,CUST_01197,2407.17,2024-01-12,5,South,Fail
TXN_0003286,CUST_00010,1808.2,2024-06-04,3,North,Fail
TXN_0003287,CUST_00740,2789.78,2024-06-20,4,East,Success
TXN_0003288,CUST_00667,2763.32,2024-10-22,4,East,Success
TXN_0003289,CUST_00546,2789.83,2024-06-25,4,West,Success
TXN_0003290,CUST_00129,2420.86,2024-12-06,6,West,Success
TXN_0003291,CUST_00601,4425.06,2024-02-26,4,North,Success
TXN_0003292,CUST_00605,2249.55,2024-12-08,2,North,Success
TXN_0003293,CUST_00327,1009.94,2024-12-05,6,North,Success
TXN_0003294,CUST_00980,1352.98,2024-07-21,5,South,Success
TXN_0003295,CUST_00404,453.4,2024-07-03,4,West,Success
TXN_0003296,CUST_00629,11175.22,2024-04-30,4,North,Fail
TXN_0003297,CUST_00718,4403.71,2024-08-13,6,North,Success
TXN_0003298,CUST_01041,1136.77,2024-07-20,8,West,Success
TXN_0003299,CUST_00274,1762.56,2024-11-25,5,North,Success
TXN_0003300,CUST_00685,1326.76,2024-12-28,5,North,Success
TXN_0003301,CUST_00116,7585.83,2024-12-21,6,East,Success
TXN_0003302,CUST_00861,709.17,2024-08-03,5,West,Success
TXN_0003303,CUST_00693,2420.14,2024-02-12,2,East,Success
TXN_0003304,CUST_01115,2024.7,2024-01-23,2,West,Success
TXN_0003305,CUST_01106,4278.98,2024-06-03,7,North,Success
TXN_0003306,CUST_00324,2032.03,2024-07-04,5,South,Fail
TXN_0003307,CUST_00961,541.01,2024-09-05,4,South,Success
TXN_0003308,CUST_00114,1806.43,2024-08-24,3,East,Success
TXN_0003309,CUST_01082,1014.62,2024-10-19,8,South,Success
TXN_0003310,CUST_00154,2353.51,2024-05-13,3,South,Success
TXN_0003311,CUST_00315,6955.87,2024-11-16,4,East,Success
TXN_0003312,CUST_01065,549.2,2024-01-22,4,North,Success
TXN_0003313,CUST_00105,1164.24,2024-12-26,4,West,Success
TXN_0003314,CUST_00354,1419.2,2024-03-28,6,North,Success
TXN_0003315,CUST_01016,1627.33,2024-06-01,4,East,Success
TXN_0003316,CUST_00733,3992.21,2024-05-04,5,North,Success
TXN_0003317,CUST_00709,1922.08,2024-03-19,5,North,Success
TXN_0003318,CUST_00651,3079.87,2024-12-11,8,East,Success
TXN_0003319,CUST_00824,1338.6,2024-02-20,5,East,Success
TXN_0003320,CUST_00947,2654.31,2024-08-03,1,East,Success
TXN_0003321,CUST_00661,4114.36,2024-06-24,6,South,Success
TXN_0003322,CUST_00099,1229.25,2024-12-23,6,East,Success
TXN_0003323,CUST_00588,4126.09,2024-09-09,4,East,Fail
TXN_0003324,CUST_00282,2302.84,2024-09-02,6,East,Success
TXN_0003325,CUST_00403,5096.8,2024-08-14,6,East,Fail
TXN_0003326,CUST_01133,1879.69,2024-04-15,6,North,Success
TXN_0003327,CUST_00700,2995.89,2024-07-11,5,East,Success
TXN_0003328,CUST_00199,2137.76,2024-11-11,3,West,Success
TXN_0003329,CUST_00327,2044.75,2024-10-28,2,East,Success
TXN_0003330,CUST_00154,2716.62,2024-02-05,2,West,Success
TXN_0003331,CUST_00552,3392.92,2024-07-22,6,West,Success
TXN_0003332,CUST_00405,812.69,2024-09-23,3,South,Success
TXN_0003333,CUST_00462,6952.85,2024-09-24,2,South,Success
TXN_0003334,CUST_00132,498.83,2024-06-18,4,North,Success
TXN_0003335,CUST_00791,1276.85,2024-02-08,4,East,Success
TXN_0003336,CUST_00874,2047.93,2024-05-18,5,East,Success
TXN_0003337,CUST_00084,3071.39,2024-10-18,7,West,Success
TXN_0003338,CUST_00754,7792.66,2024-02-21,9,East,Fail
TXN_0003339,CUST_00628,499.38,2024-10-13,4,West,Success
TXN_0003340,CUST_01133,1471.22,2024-10-15,6,South,Success
TXN_0003341,CUST_00221,402.84,2024-05-20,5,North,Fail
TXN_0003342,CUST_00553,2264.93,2024-05-25,7,South,Success
TXN_0003343,CUST_01171,2744.48,2024-11-09,8,East,Fail
TXN_0003344,CUST_00112,7884.36,2024-07-02,10,West,Success
TXN_0003345,CUST_00615,2432.09,2024-05-31,3,South,Success
TXN_0003346,CUST_00924,5090.95,2024-07-19,5,East,Success
TXN_0003347,CUST_00475,3523.01,2024-05-07,6,West,Success
TXN_0003348,CUST_00836,1559.0,2024-10-13,2,East,Success
TXN_0003349,CUST_00271,715.39,2024-11-06,5,East,Success
TXN_0003350,CUST_00421,2751.78,2024-09-09,7,North,Success
TXN_0003351,CUST_00707,669.36,2024-09-22,3,South,Success
TXN_0003352,CUST_00040,6223.99,2024-07-06,4,East,Success
TXN_0003353,CUST_00189,1939.82,2024-08-17,4,East,Success
TXN_0003354,CUST_01188,5745.33,2024-09-27,6,North,Success
TXN_0003355,CUST_00994,1503.92,2024-09-15,5,North,Success
TXN_0003356,CUST_00536,2738.27,2024-10-25,3,West,Success
TXN_0003357,CUST_01028,2610.98,2024-07-16,7,East,Success
TXN_0003358,CUST_00290,2130.19,2024-11-18,8,East,Success
TXN_0003359,CUST_00433,1562.23,2024-02-25,5,East,Success
TXN_0003360,CUST_00471,3022.88,2024-11-14,5,East,Success
TXN_0003361,CUST_00628,1052.65,2024-07-21,2,North,Success
TXN_0003362,CUST_00279,839.2,2024-09-27,4,South,Success
TXN_0003363,CUST_00877,5968.56,2024-04-18,3,North,Success
TXN_0003364,CUST_00581,3951.04,2024-04-25,6,West,Success
TXN_0003365,CUST_00863,2327.88,2024-04-01,8,North,Success
TXN_0003366,CUST_00254,8367.53,2024-05-17,7,South,Success
TXN_0003367,CUST_00181,1782.53,2024-10-29,5,East,Success
TXN_0003368,CUST_00681,6362.41,2024-02-26,4,West,Success
TXN_0003369,CUST_00825,2541.37,2024-02-19,4,West,Success
TXN_0003370,CUST_00700,972.82,2024-03-11,6,East,Success
TXN_0003371,CUST_00566,9685.95,2024-03-22,8,South,Success
TXN_0003372,CUST_00680,4878.38,2024-04-14,4,North,Success
TXN_0003373,CUST_00391,2004.57,2024-03-28,7,East,Success
TXN_0003374,CUST_01109,3951.05,2024-01-02,5,South,Success
TXN_0003375,CUST_00212,1598.85,2024-12-25,6,South,Success
TXN_0003376,CUST_00384,4286.9,2024-03-24,5,South,Success
TXN_0003377,CUST_00342,326.08,2024-02-12,4,East,Success
TXN_0003378,CUST_00844,976.68,2024-06-02,9,South,Success
TXN_0003379,CUST_01062,4833.89,2024-11-22,6,West,Success
TXN_0003380,CUST_00420,1808.54,2024-04-03,9,West,Success
TXN_0003381,CUST_00751,2607.2,2024-10-24,4,North,Success
TXN_0003382,CUST_01193,751.88,2024-05-12,7,North,Success
TXN_0003383,CUST_00306,9684.61,2024-03-05,6,South,Success
TXN_0003384,CUST_00702,5724.0,2024-10-16,5,South,Success
TXN_0003385,CUST_00869,1880.8,2024-09-13,6,South,Success
TXN_0003386,CUST_00537,1597.58,2024-07-31,4,North,Success
TXN_0003387,CUST_01136,5032.56,2024-05-27,2,West,Fail
TXN_0003388,CUST_00206,10785.7,2024-03-01,6,West,Success
TXN_0003389,CUST_00496,4736.28,2024-05-28,4,East,Success
TXN_0003390,CUST_01071,12549.58,2024-03-28,7,North,Success
TXN_0003391,CUST_00504,1055.87,2024-11-19,6,South,Success
TXN_0003392,CUST_01046,1146.52,2024-10-04,2,West,Success
TXN_0003393,CUST_00213,853.07,2024-03-22,7,East,Success
TXN_0003394,CUST_00310,3144.49,2024-05-08,2,West,Success
TXN_0003395,CUST_00661,2541.43,2024-10-12,10,East,Fail
TXN_0003396,CUST_00753,1955.57,2024-12-18,7,South,Success
TXN_0003397,CUST_00272,4219.23,2024-10-06,5,South,Success
TXN_0003398,CUST_00938,5918.65,2024-09-26,3,West,Success
TXN_0003399,CUST_00032,651.63,2024-10-18,4,North,Success
TXN_0003400,CUST_00443,1369.8,2024-07-21,5,West,Success
TXN_0003401,CUST_00162,4256.13,2024-01-24,7,North,Success
TXN_0003402,CUST_00767,1519.0,2024-12-16,3,West,Success
TXN_0003403,CUST_00254,1166.12,2024-11-06,3,North,Success
TXN_0003404,CUST_00521,4988.2,2024-07-26,4,South,Success
TXN_0003405,CUST_00977,787.14,2024-10-06,5,East,Success
TXN_0003406,CUST_00010,1734.95,2024-07-23,2,North,Success
TXN_0003407,CUST_00726,2872.43,2024-05-31,4,South,Success
TXN_0003408,CUST_00505,1395.41,2024-01-26,4,East,Success
TXN_0003409,CUST_00785,4132.03,2024-07-12,3,South,Fail
TXN_0003410,CUST_00436,1400.94,2024-12-01,8,South,Success
TXN_0003411,CUST_01135,6815.1,2024-08-25,3,South,Success
TXN_0003412,CUST_00153,1997.0,2024-11-16,9,North,Success
TXN_0003413,CUST_00917,3778.25,2024-03-15,6,South,Success
TXN_0003414,CUST_00869,4011.09,2024-06-11,8,South,Success
TXN_0003415,CUST_01126,1336.71,2024-10-25,2,South,Success
TXN_0003416,CUST_00753,427.18,2024-01-29,3,North,Success
TXN_0003417,CUST_00563,2947.18,2024-06-13,5,West,Success
TXN_0003418,CUST_01105,2339.82,2024-12-02,5,South,Success
TXN_0003419,CUST_00489,3444.94,2024-07-04,9,West,Success
TXN_0003420,CUST_00895,1842.31,2024-02-23,2,South,Success
TXN_0003421,CUST_01112,1565.03,2024-10-21,3,North,Success
TXN_0003422,CUST_00104,11012.41,2024-02-11,4,West,Success
TXN_0003423,CUST_01120,680.02,2024-10-11,6,South,Success
TXN_0003424,CUST_01025,3972.54,2024-05-17,6,West,Success
TXN_0003425,CUST_01007,1394.54,2024-07-05,3,East,Success
TXN_0003426,CUST_00407,1688.13,2024-07-22,4,West,Success
TXN_0003427,CUST_00167,1713.54,2024-02-11,8,South,Fail
TXN_0003428,CUST_00509,1161.25,2024-12-15,5,West,Success
TXN_0003429,CUST_00313,3487.64,2024-10-14,9,South,Success
TXN_0003430,CUST_00763,6717.79,2024-01-26,5,West,Success
TXN_0003431,CUST_00681,3216.38,2024-02-25,4,West,Success
TXN_0003432,CUST_00477,2398.76,2024-09-09,6,North,Success
TXN_0003433,CUST_00073,1003.1,2024-05-01,8,North,Success
TXN_0003434,CUST_01165,3339.11,2024-04-15,6,West,Success
TXN_0003435,CUST_00582,12395.39,2024-05-09,4,North,Success
TXN_0003436,CUST_00262,1628.55,2024-12-02,6,North,Success
TXN_0003437,CUST_00245,1634.7,2024-06-06,4,East,Fail
TXN_0003438,CUST_00561,1409.7,2024-08-18,7,South,Success
TXN_0003439,CUST_01100,1492.89,2024-11-03,2,South,Success
TXN_0003440,CUST_00175,245.61,2024-03-31,7,East,Success
TXN_0003441,CUST_00109,3053.45,2024-01-22,5,West,Success
TXN_0003442,CUST_00183,1122.77,2024-10-16,2,North,Success
TXN_0003443,CUST_00192,608.98,2024-04-19,2,South,Fail
TXN_0003444,CUST_00065,4034.15,2024-02-18,4,East,Success
TXN_0003445,CUST_00963,929.26,2024-05-08,5,South,Success
TXN_0003446,CUST_01124,1684.23,2024-03-13,5,West,Success
TXN_0003447,CUST_00864,7137.76,2024-12-05,6,East,Success
TXN_0003448,CUST_01152,715.25,2024-02-22,4,West,Success
TXN_0003449,CUST_00369,648.02,2024-12-21,9,West,Success
TXN_0003450,CUST_00851,2739.27,2024-06-16,6,East,Success
TXN_0003451,CUST_00043,5539.11,2024-02-14,9,South,Success
TXN_0003452,CUST_00488,626.74,2024-04-14,5,North,Success
TXN_0003453,CUST_00078,3059.94,2024-05-29,4,North,Success
TXN_0003454,CUST_00826,3515.02,2024-05-25,4,East,Success
TXN_0003455,CUST_00674,425.25,2024-07-22,5,North,Fail
TXN_0003456,CUST_00701,4183.07,2024-12-27,4,West,Success
TXN_0003457,CUST_00759,4452.78,2024-10-25,6,South,Success
TXN_0003458,CUST_00728,1720.85,2024-06-15,3,East,Success
TXN_0003459,CUST_00925,6014.19,2024-07-19,5,West,Success
TXN_0003460,CUST_00902,5481.67,2024-05-13,7,West,Success
TXN_0003461,CUST_00889,2398.25,2024-07-29,3,South,Success
TXN_0003462,CUST_00993,1538.93,2024-02-17,5,South,Success
TXN_0003463,CUST_01192,1014.08,2024-05-05,6,North,Success
TXN_0003464,CUST_00339,2142.97,2024-08-26,8,South,Success
TXN_0003465,CUST_00193,3483.55,2024-01-07,3,East,Success
TXN_0003466,CUST_00283,1703.87,2024-09-28,5,East,Success
TXN_0003467,CUST_00390,380.7,2024-02-06,4,South,Success
TXN_0003468,CUST_01000,6093.46,2024-07-29,4,South,Success
TXN_0003469,CUST_00525,2571.33,2024-06-13,8,West,Success
TXN_0003470,CUST_00659,1629.94,2024-05-04,9,East,Success
TXN_0003471,CUST_00716,4384.04,2024-12-02,3,North,Fail
TXN_0003472,CUST_00891,7477.93,2024-07-10,11,West,Success
TXN_0003473,CUST_01113,234.74,2024-08-05,5,West,Success
TXN_0003474,CUST_01119,3125.69,2024-08-01,7,North,Success
TXN_0003475,CUST_00452,705.34,2024-03-02,4,North,Fail
TXN_0003476,CUST_00428,3292.12,2024-11-23,3,South,Success
TXN_0003477,CUST_01175,2446.32,2024-06-09,4,South,Success
TXN_0003478,CUST_01046,3672.33,2024-03-06,7,West,Success
TXN_0003479,CUST_00883,1481.19,2024-10-12,4,East,Success
TXN_0003480,CUST_00313,493.44,2024-08-26,7,East,Success
TXN_0003481,CUST_00840,1540.26,2024-01-20,5,West,Success
TXN_0003482,CUST_00519,3057.88,2024-07-06,2,East,Success
TXN_0003483,CUST_00375,4975.66,2024-03-22,7,East,Success
TXN_0003484,CUST_00451,864.83,2024-12-28,5,North,Success
TXN_0003485,CUST_01015,5022.33,2024-07-20,2,South,Success
TXN_0003486,CUST_00595,1315.14,2024-05-11,3,South,Success
TXN_0003487,CUST_00500,2951.18,2024-02-06,7,West,Success
TXN_0003488,CUST_00464,1468.63,2024-05-11,5,North,Success
TXN_0003489,CUST_01148,2554.82,2024-03-17,7,East,Success
TXN_0003490,CUST_00113,4507.52,2024-03-29,4,West,Success
TXN_0003491,CUST_01036,827.48,2024-09-09,4,West,Success
TXN_0003492,CUST_01150,1281.87,2024-12-09,5,East,Success
TXN_0003493,CUST_00331,2560.53,2024-07-12,3,South,Success
TXN_0003494,CUST_00140,15082.15,2024-06-24,4,East,Success
TXN_0003495,CUST_00902,1107.04,2024-02-02,2,West,Success
TXN_0003496,CUST_01121,11294.91,2024-02-27,4,South,Success
TXN_0003497,CUST_00517,10976.79,2024-07-19,5,West,Success
TXN_0003498,CUST_00569,2042.95,2024-01-28,2,North,Success
TXN_0003499,CUST_00846,1739.72,2024-02-04,4,South,Success
TXN_0003500,CUST_01093,1269.46,2024-05-04,2,West,Fail
TXN_0003501,CUST_00118,2091.08,2024-11-16,5,West,Success
TXN_0003502,CUST_00888,716.68,2024-02-11,5,North,Success
TXN_0003503,CUST_01083,2077.68,2024-03-25,9,East,Fail
TXN_0003504,CUST_01057,7313.7,2024-07-06,6,South,Success
TXN_0003505,CUST_00050,1354.42,2024-04-20,6,West,Success
TXN_0003506,CUST_00019,1821.51,2024-09-27,4,West,Success
TXN_0003507,CUST_00726,566.28,2024-11-20,6,West,Success
TXN_0003508,CUST_00197,2978.72,2024-04-14,6,West,Success
TXN_0003509,CUST_00559,2728.71,2024-11-15,3,East,Success
TXN_0003510,CUST_00452,2323.81,2024-02-10,4,East,Success
TXN_0003511,CUST_00289,1856.67,2024-08-02,4,East,Success
TXN_0003512,CUST_01165,1747.24,2024-03-11,6,South,Success
TXN_0003513,CUST_01108,3299.48,2024-02-25,4,East,Success
TXN_0003514,CUST_00391,2158.02,2024-08-23,5,South,Success
TXN_0003515,CUST_00215,2841.19,2024-10-07,5,East,Fail
TXN_0003516,CUST_00215,2622.77,2024-04-14,5,West,Success
TXN_0003517,CUST_00128,5424.83,2024-06-10,6,North,Success
TXN_0003518,CUST_00760,3795.59,2024-07-09,4,South,Success
TXN_0003519,CUST_00404,2576.76,2024-01-09,4,North,Success
TXN_0003520,CUST_01053,7440.83,2024-02-29,6,North,Success
TXN_0003521,CUST_00338,3090.89,2024-10-31,8,West,Success
TXN_0003522,CUST_00831,6272.75,2024-08-12,8,West,Success
TXN_0003523,CUST_00714,3588.73,2024-11-02,5,South,Success
TXN_0003524,CUST_00361,505.96,2024-07-06,3,South,Success
TXN_0003525,CUST_00569,6272.11,2024-03-10,6,South,Success
TXN_0003526,CUST_00218,2460.55,2024-10-19,6,East,Success
TXN_0003527,CUST_00202,2118.44,2024-10-13,5,East,Success
TXN_0003528,CUST_00017,2765.78,2024-06-17,5,North,Success
TXN_0003529,CUST_00322,1675.75,2024-03-02,6,South,Success
TXN_0003530,CUST_00518,2648.17,2024-12-14,5,North,Success
TXN_0003531,CUST_00681,1375.4,2024-01-14,2,East,Success
TXN_0003532,CUST_01106,6120.61,2024-06-12,5,North,Success
TXN_0003533,CUST_00425,2016.52,2024-09-01,4,North,Fail
TXN_0003534,CUST_01019,1626.09,2024-11-30,7,South,Success
TXN_0003535,CUST_00387,1053.7,2024-01-08,5,South,Success
TXN_0003536,CUST_00778,2738.1,2024-06-02,6,North,Success
TXN_0003537,CUST_00098,2564.93,2024-02-05,5,East,Fail
TXN_0003538,CUST_00208,3013.15,2024-02-17,3,North,Success
TXN_0003539,CUST_00586,970.88,2024-03-25,4,East,Success
TXN_0003540,CUST_00166,613.42,2024-01-28,4,North,Success
TXN_0003541,CUST_00022,3642.67,2024-07-14,6,North,Success
TXN_0003542,CUST_00154,7242.44,2024-07-26,10,South,Success
TXN_0003543,CUST_00219,971.57,2024-07-22,5,North,Success
TXN_0003544,CUST_00669,7875.82,2024-11-02,6,East,Success
TXN_0003545,CUST_00230,2771.46,2024-04-13,7,North,Success
TXN_0003546,CUST_00020,2195.91,2024-08-17,7,North,Success
TXN_0003547,CUST_00553,1606.74,2024-04-10,7,East,Success
TXN_0003548,CUST_00950,729.52,2024-01-29,5,North,Success
TXN_0003549,CUST_00148,4866.76,2024-05-06,12,North,Success
TXN_0003550,CUST_01132,1187.39,2024-12-03,7,North,Success
TXN_0003551,CUST_00403,1183.41,2024-01-10,4,North,Success
TXN_0003552,CUST_00596,4883.13,2024-04-15,1,East,Success
TXN_0003553,CUST_00367,489.61,2024-06-15,9,West,Success
TXN_0003554,CUST_00802,652.7,2024-09-13,2,East,Success
TXN_0003555,CUST_00918,2176.54,2024-10-21,7,East,Success
TXN_0003556,CUST_01158,2792.32,2024-10-03,3,West,Success
TXN_0003557,CUST_00073,3254.48,2024-03-05,4,East,Success
TXN_0003558,CUST_00481,1734.65,2024-09-27,8,North,Success
TXN_0003559,CUST_00560,16718.91,2024-07-06,5,East,Fail
TXN_0003560,CUST_00745,1840.3,2024-11-12,4,North,Fail
TXN_0003561,CUST_00100,1836.05,2024-05-17,10,South,Success
TXN_0003562,CUST_01083,1167.26,2024-12-08,3,North,Fail
TXN_0003563,CUST_00508,2438.47,2024-04-14,3,North,Success
TXN_0003564,CUST_00258,3611.83,2024-02-03,4,East,Fail
TXN_0003565,CUST_00413,5784.07,2024-04-19,4,East,Success
TXN_0003566,CUST_01089,670.87,2024-02-02,4,East,Success
TXN_0003567,CUST_00595,1813.84,2024-12-19,7,South,Success
TXN_0003568,CUST_01178,3156.95,2024-08-18,7,West,Success
TXN_0003569,CUST_00266,3532.09,2024-11-12,11,North,Fail
TXN_0003570,CUST_00821,2219.95,2024-09-22,3,West,Success
TXN_0003571,CUST_01103,3408.2,2024-06-30,4,West,Success
TXN_0003572,CUST_00662,1156.12,2024-12-05,2,South,Success
TXN_0003573,CUST_00947,7679.61,2024-03-05,4,North,Success
TXN_0003574,CUST_00560,4885.87,2024-11-28,4,North,Success
TXN_0003575,CUST_00917,752.99,2024-01-01,6,South,Success
TXN_0003576,CUST_00891,934.41,2024-05-12,4,South,Success
TXN_0003577,CUST_00868,955.72,2024-03-20,4,North,Success
TXN_0003578,CUST_00610,3798.55,2024-09-27,3,South,Success
TXN_0003579,CUST_00414,790.15,2024-08-28,4,East,Success
TXN_0003580,CUST_00025,1694.56,2024-01-28,3,North,Success
TXN_0003581,CUST_00284,3177.23,2024-08-10,8,West,Success
TXN_0003582,CUST_00881,2094.49,2024-01-23,3,East,Success
TXN_0003583,CUST_00301,2716.53,2024-04-18,8,West,Success
TXN_0003584,CUST_01092,941.39,2024-04-16,6,South,Success
TXN_0003585,CUST_01031,3554.19,2024-05-24,6,West,Success
TXN_0003586,CUST_00817,1352.12,2024-12-19,3,East,Success
TXN_0003587,CUST_01161,1703.27,2024-05-18,2,South,Success
TXN_0003588,CUST_01188,2670.94,2024-10-10,7,East,Success
TXN_0003589,CUST_00083,2398.17,2024-10-24,6,South,Success
TXN_0003590,CUST_01097,2251.12,2024-04-08,5,North,Success
TXN_0003591,CUST_00046,1211.36,2024-11-12,6,West,Success
TXN_0003592,CUST_00618,1737.77,2024-05-02,6,West,Success
TXN_0003593,CUST_00928,2212.21,2024-11-15,5,North,Success
TXN_0003594,CUST_00262,735.05,2024-10-13,3,North,Success
TXN_0003595,CUST_00176,1525.34,2024-03-21,5,West,Success
TXN_0003596,CUST_01190,3011.35,2024-01-10,6,North,Success
TXN_0003597,CUST_00657,794.77,2024-01-08,5,South,Success
TXN_0003598,CUST_00842,5570.64,2024-07-23,5,West,Success
TXN_0003599,CUST_00370,6097.84,2024-11-10,3,East,Success
TXN_0003600,CUST_00054,815.56,2024-07-15,3,North,Success
TXN_0003601,CUST_00690,6542.64,2024-07-16,4,South,Success
TXN_0003602,CUST_01151,1968.71,2024-01-30,6,West,Success
TXN_0003603,CUST_00367,3086.56,2024-01-20,2,West,Success
TXN_0003604,CUST_00644,1484.27,2024-02-17,4,South,Success
TXN_0003605,CUST_00379,4621.32,2024-05-09,6,North,Success
TXN_0003606,CUST_00073,3056.04,2024-10-19,2,West,Success
TXN_0003607,CUST_00915,1151.33,2024-05-11,4,North,Success
TXN_0003608,CUST_00860,869.43,2024-12-21,7,South,Fail
TXN_0003609,CUST_00043,686.6,2024-02-23,2,East,Success
TXN_0003610,CUST_00377,2566.64,2024-10-07,4,South,Success
TXN_0003611,CUST_01065,3491.12,2024-09-21,5,North,Success
TXN_0003612,CUST_00170,3717.37,2024-08-02,2,West,Success
TXN_0003613,CUST_00212,2009.45,2024-10-16,8,North,Success
TXN_0003614,CUST_00039,875.16,2024-02-12,5,North,Success
TXN_0003615,CUST_00369,1279.65,2024-03-14,2,East,Success
TXN_0003616,CUST_00757,5551.81,2024-12-15,9,West,Success
TXN_0003617,CUST_00151,1498.62,2024-10-04,4,East,Success
TXN_0003618,CUST_01135,2476.83,2024-11-21,3,East,Success
TXN_0003619,CUST_01071,934.0,2024-08-29,6,South,Success
TXN_0003620,CUST_01024,2890.74,2024-05-09,4,South,Success
TXN_0003621,CUST_00737,1531.27,2024-12-15,12,West,Success
TXN_0003622,CUST_00069,5101.91,2024-07-12,7,East,Success
TXN_0003623,CUST_00299,4100.43,2024-02-01,4,East,Fail
TXN_0003624,CUST_00944,1485.39,2024-04-15,4,North,Success
TXN_0003625,CUST_00802,1995.54,2024-07-22,7,North,Success
TXN_0003626,CUST_00296,1420.99,2024-01-01,3,South,Success
TXN_0003627,CUST_00203,709.42,2024-09-01,4,East,Fail
TXN_0003628,CUST_00061,1112.15,2024-03-12,8,West,Success
TXN_0003629,CUST_00946,2587.83,2024-11-01,5,East,Success
TXN_0003630,CUST_00963,2864.67,2024-01-15,8,South,Success
TXN_0003631,CUST_01185,2487.01,2024-02-22,6,West,Success
TXN_0003632,CUST_00331,1734.74,2024-01-08,3,East,Success
TXN_0003633,CUST_00338,4658.52,2024-11-25,4,North,Success
TXN_0003634,CUST_00639,2323.51,2024-02-15,6,East,Success
TXN_0003635,CUST_00275,3876.17,2024-11-20,8,South,Success
TXN_0003636,CUST_01188,534.31,2024-04-23,6,South,Success
TXN_0003637,CUST_00319,95.78,2024-05-26,10,East,Success
TXN_0003638,CUST_00589,2771.19,2024-06-14,3,South,Success
TXN_0003639,CUST_00504,706.4,2024-05-18,6,North,Success
TXN_0003640,CUST_00387,1863.18,2024-04-26,6,North,Success
TXN_0003641,CUST_00870,1734.24,2024-10-25,7,North,Success
TXN_0003642,CUST_00833,7862.98,2024-10-02,1,East,Success
TXN_0003643,CUST_01015,3041.17,2024-10-03,6,South,Success
TXN_0003644,CUST_00603,2521.7,2024-12-03,4,North,Success
TXN_0003645,CUST_00691,4313.88,2024-11-08,4,West,Success
TXN_0003646,CUST_00494,2965.49,2024-06-26,4,South,Success
TXN_0003647,CUST_00490,1531.28,2024-11-25,7,South,Success
TXN_0003648,CUST_00721,5203.99,2024-12-19,4,West,Fail
TXN_0003649,CUST_01097,908.87,2024-06-02,4,South,Success
TXN_0003650,CUST_00509,2860.06,2024-07-19,6,North,Success
TXN_0003651,CUST_00390,640.3,2024-04-24,3,South,Success
TXN_0003652,CUST_00295,2599.71,2024-06-07,3,North,Success
TXN_0003653,CUST_00796,2577.03,2024-02-11,3,North,Success
TXN_0003654,CUST_00865,8443.6,2024-09-03,4,North,Success
TXN_0003655,CUST_00549,631.45,2024-03-08,4,East,Success
TXN_0003656,CUST_00649,1365.52,2024-11-21,8,South,Success
TXN_0003657,CUST_00568,4264.78,2024-11-29,5,West,Success
TXN_0003658,CUST_00853,2887.81,2024-07-14,4,East,Success
TXN_0003659,CUST_00770,2551.01,2024-03-30,4,East,Success
TXN_0003660,CUST_00445,1027.71,2024-04-20,5,East,Success
TXN_0003661,CUST_00363,1376.56,2024-12-24,5,East,Success
TXN_0003662,CUST_00123,5979.14,2024-05-24,4,North,Success
TXN_0003663,CUST_00742,2119.2,2024-10-01,2,North,Success
TXN_0003664,CUST_00680,2981.82,2024-06-27,5,West,Success
TXN_0003665,CUST_00420,2013.94,2024-08-28,1,South,Success
TXN_0003666,CUST_00092,857.08,2024-11-21,5,West,Success
TXN_0003667,CUST_00063,4661.29,2024-11-14,7,South,Success
TXN_0003668,CUST_00512,3303.0,2024-11-26,2,North,Success
TXN_0003669,CUST_01163,13967.79,2024-06-01,5,South,Success
TXN_0003670,CUST_00772,979.98,2024-04-13,2,South,Success
TXN_0003671,CUST_00256,4264.41,2024-03-15,6,East,Success
TXN_0003672,CUST_00135,773.38,2024-05-07,4,West,Success
TXN_0003673,CUST_00875,2504.58,2024-07-17,6,East,Success
TXN_0003674,CUST_00822,4823.26,2024-06-02,7,East,Success
TXN_0003675,CUST_00088,420.86,2024-02-25,5,East,Success
TXN_0003676,CUST_00988,1874.42,2024-10-04,8,East,Success
TXN_0003677,CUST_01153,1407.31,2024-12-10,3,North,Success
TXN_0003678,CUST_00823,1259.45,2024-01-19,6,West,Success
TXN_0003679,CUST_01027,3005.41,2024-06-07,5,East,Success
TXN_0003680,CUST_00974,5412.94,2024-01-26,4,West,Success
TXN_0003681,CUST_00934,1985.01,2024-06-17,5,East,Success
TXN_0003682,CUST_00121,2602.92,2024-01-23,7,North,Success
TXN_0003683,CUST_01062,2419.82,2024-02-16,6,East,Success
TXN_0003684,CUST_01008,2211.54,2024-01-13,5,South,Success
TXN_0003685,CUST_00925,923.83,2024-08-04,2,North,Success
TXN_0003686,CUST_00645,5360.2,2024-11-17,5,West,Success
TXN_0003687,CUST_00714,2796.59,2024-07-12,5,South,Success
TXN_0003688,CUST_00860,3028.75,2024-05-23,6,South,Success
TXN_0003689,CUST_00021,1158.4,2024-03-13,6,North,Success
TXN_0003690,CUST_00242,1529.39,2024-06-04,7,West,Fail
TXN_0003691,CUST_00455,1918.1,2024-03-17,4,North,Success
TXN_0003692,CUST_00963,647.23,2024-06-17,9,East,Success
TXN_0003693,CUST_00621,572.25,2024-10-13,6,North,Success
TXN_0003694,CUST_00303,1365.67,2024-03-25,6,North,Success
TXN_0003695,CUST_00803,3354.36,2024-06-30,4,East,Success
TXN_0003696,CUST_00964,1309.62,2024-11-10,4,East,Success
TXN_0003697,CUST_00069,977.46,2024-10-23,5,West,Success
TXN_0003698,CUST_01153,1150.84,2024-04-21,4,North,Success
TXN_0003699,CUST_00196,1534.14,2024-08-17,3,East,Success
TXN_0003700,CUST_00140,1663.89,2024-04-05,4,West,Success
TXN_0003701,CUST_00283,12486.67,2024-06-16,7,West,Success
TXN_0003702,CUST_00312,5134.29,2024-06-04,5,East,Success
TXN_0003703,CUST_00746,5013.15,2024-04-14,6,East,Success
TXN_0003704,CUST_00277,5624.37,2024-07-11,9,West,Success
TXN_0003705,CUST_00061,993.21,2024-11-25,3,South,Success
TXN_0003706,CUST_00052,830.57,2024-05-11,9,East,Success
TXN_0003707,CUST_00153,910.96,2024-12-20,7,South,Success
TXN_0003708,CUST_00544,6422.77,2024-05-17,8,West,Success
TXN_0003709,CUST_00567,1425.46,2024-11-26,4,North,Success
TXN_0003710,CUST_00622,811.52,2024-09-26,2,South,Success
TXN_0003711,CUST_00314,1564.31,2024-02-07,8,South,Success
TXN_0003712,CUST_00807,1824.6,2024-02-14,4,South,Success
TXN_0003713,CUST_00848,2737.31,2024-06-11,4,South,Success
TXN_0003714,CUST_00097,2699.34,2024-11-26,3,South,Success
TXN_0003715,CUST_00881,1138.49,2024-09-09,5,South,Fail
TXN_0003716,CUST_00829,3821.98,2024-06-17,4,North,Success
TXN_0003717,CUST_00137,1324.31,2024-10-11,3,North,Success
TXN_0003718,CUST_01030,1948.82,2024-09-30,7,North,Success
TXN_0003719,CUST_01011,3825.4,2024-01-20,5,South,Success
TXN_0003720,CUST_00109,1321.53,2024-08-26,3,West,Success
TXN_0003721,CUST_00547,1400.41,2024-09-26,3,East,Success
TXN_0003722,CUST_01063,3545.15,2024-11-05,8,South,Success
TXN_0003723,CUST_00662,1111.89,2024-01-31,4,North,Success
TXN_0003724,CUST_00425,1623.22,2024-11-09,8,West,Success
TXN_0003725,CUST_00630,3444.71,2024-04-13,4,West,Success
TXN_0003726,CUST_00261,11421.74,2024-06-18,4,South,Success
TXN_0003727,CUST_00087,3584.32,2024-07-04,1,North,Success
TXN_0003728,CUST_00465,3223.14,2024-05-07,7,East,Success
TXN_0003729,CUST_00076,3376.66,2024-07-28,3,East,Success
TXN_0003730,CUST_00471,935.84,2024-10-07,3,North,Success
TXN_0003731,CUST_00414,2422.31,2024-09-09,6,North,Success
TXN_0003732,CUST_00825,2156.38,2024-01-19,5,West,Success
TXN_0003733,CUST_00895,2856.26,2024-07-18,6,South,Success
TXN_0003734,CUST_00726,2424.08,2024-08-07,5,South,Fail
TXN_0003735,CUST_00457,2992.19,2024-05-15,8,South,Success
TXN_0003736,CUST_00653,1721.28,2024-08-10,3,East,Success
TXN_0003737,CUST_00672,2314.36,2024-01-03,5,East,Fail
TXN_0003738,CUST_00495,826.94,2024-08-23,3,East,Success
TXN_0003739,CUST_01069,1709.7,2024-12-07,7,South,Fail
TXN_0003740,CUST_00597,6718.81,2024-08-15,11,North,Success
TXN_0003741,CUST_00450,2849.92,2024-05-21,3,North,Success
TXN_0003742,CUST_00485,2171.69,2024-01-09,4,South,Success
TXN_0003743,CUST_00646,10065.8,2024-07-08,8,South,Success
TXN_0003744,CUST_00620,743.47,2024-12-15,2,North,Success
TXN_0003745,CUST_01042,909.08,2024-06-13,12,North,Success
TXN_0003746,CUST_00662,8692.09,2024-05-18,5,East,Success
TXN_0003747,CUST_00758,2291.06,2024-10-02,5,West,Success
TXN_0003748,CUST_00289,1818.8,2024-10-17,7,West,Success
TXN_0003749,CUST_00721,846.1,2024-02-22,5,South,Success
TXN_0003750,CUST_00638,3159.46,2024-06-23,4,West,Success
TXN_0003751,CUST_00235,3413.75,2024-04-19,6,West,Success
TXN_0003752,CUST_00416,920.03,2024-07-21,6,West,Success
TXN_0003753,CUST_00938,1973.93,2024-05-15,8,East,Success
TXN_0003754,CUST_00499,1688.49,2024-01-04,6,East,Success
TXN_0003755,CUST_00974,2710.21,2024-06-03,6,North,Success
TXN_0003756,CUST_00634,901.99,2024-06-20,7,South,Success
TXN_0003757,CUST_01020,6012.27,2024-12-23,3,West,Success
TXN_0003758,CUST_00115,4594.7,2024-02-16,6,North,Success
TXN_0003759,CUST_00932,1651.53,2024-04-03,6,East,Success
TXN_0003760,CUST_00674,1857.27,2024-02-17,6,West,Success
TXN_0003761,CUST_01035,1980.02,2024-08-27,6,South,Success
TXN_0003762,CUST_00206,1184.83,2024-12-12,6,West,Success
TXN_0003763,CUST_00247,1548.83,2024-07-31,4,East,Success
TXN_0003764,CUST_00758,1778.96,2024-12-05,4,West,Success
TXN_0003765,CUST_01151,8024.82,2024-11-19,5,West,Success
TXN_0003766,CUST_00147,4709.3,2024-05-18,2,West,Success
TXN_0003767,CUST_00118,4664.44,2024-07-23,7,West,Fail
TXN_0003768,CUST_00412,2968.88,2024-03-13,2,East,Success
TXN_0003769,CUST_00363,903.38,2024-01-04,2,North,Success
TXN_0003770,CUST_00137,2136.25,2024-03-16,4,West,Success
TXN_0003771,CUST_01199,4800.09,2024-11-24,5,South,Success
TXN_0003772,CUST_00958,807.05,2024-03-17,3,West,Success
TXN_0003773,CUST_00019,3674.76,2024-10-30,4,South,Success
TXN_0003774,CUST_00195,14158.74,2024-09-12,5,South,Success
TXN_0003775,CUST_00330,5163.93,2024-04-11,6,West,Success
TXN_0003776,CUST_00175,6844.65,2024-04-15,5,West,Success
TXN_0003777,CUST_01002,2629.82,2024-11-28,5,South,Success
TXN_0003778,CUST_00449,4790.29,2024-02-08,6,East,Success
TXN_0003779,CUST_00946,1243.54,2024-11-09,7,North,Success
TXN_0003780,CUST_00141,4174.25,2024-10-01,5,South,Success
TXN_0003781,CUST_00758,3727.57,2024-03-28,3,East,Success
TXN_0003782,CUST_00930,2784.79,2024-07-29,6,North,Success
TXN_0003783,CUST_00093,6328.42,2024-03-17,6,North,Success
TXN_0003784,CUST_00239,1435.07,2024-03-17,4,North,Fail
TXN_0003785,CUST_00205,1901.42,2024-01-28,4,West,Success
TXN_0003786,CUST_00560,2383.61,2024-09-01,4,West,Fail
TXN_0003787,CUST_00245,969.05,2024-03-06,3,South,Fail
TXN_0003788,CUST_00832,2647.96,2024-09-22,4,West,Success
TXN_0003789,CUST_00925,558.28,2024-07-23,6,East,Success
TXN_0003790,CUST_00295,5102.9,2024-02-27,6,North,Success
TXN_0003791,CUST_00640,2292.3,2024-07-19,1,North,Success
TXN_0003792,CUST_00856,1455.76,2024-08-12,5,North,Success
TXN_0003793,CUST_00017,1132.86,2024-05-21,2,West,Success
TXN_0003794,CUST_00071,1830.49,2024-03-24,6,West,Fail
TXN_0003795,CUST_00305,3829.95,2024-05-22,7,West,Success
TXN_0003796,CUST_01031,3422.72,2024-12-17,5,East,Success
TXN_0003797,CUST_00817,1255.85,2024-02-02,1,West,Success
TXN_0003798,CUST_01127,1122.34,2024-05-31,6,West,Success
TXN_0003799,CUST_00821,3735.06,2024-06-06,5,West,Success
TXN_0003800,CUST_00193,1239.08,2024-05-20,3,East,Success
TXN_0003801,CUST_00529,2316.77,2024-09-07,5,West,Success
TXN_0003802,CUST_00171,2438.17,2024-10-29,3,South,Success
TXN_0003803,CUST_00251,2834.58,2024-04-21,6,West,Success
TXN_0003804,CUST_00541,4387.95,2024-05-23,6,South,Success
TXN_0003805,CUST_00416,804.02,2024-07-27,5,East,Success
TXN_0003806,CUST_00794,478.7,2024-08-11,6,South,Success
TXN_0003807,CUST_01168,1402.54,2024-02-12,3,East,Success
TXN_0003808,CUST_00025,9332.17,2024-09-20,11,West,Success
TXN_0003809,CUST_00668,11133.78,2024-08-31,4,West,Success
TXN_0003810,CUST_01097,9556.16,2024-01-03,2,South,Success
TXN_0003811,CUST_00632,1892.43,2024-05-04,8,West,Success
TXN_0003812,CUST_01117,530.76,2024-09-24,4,South,Success
TXN_0003813,CUST_00505,338.85,2024-03-24,1,East,Success
TXN_0003814,CUST_00336,1351.23,2024-01-16,8,West,Success
TXN_0003815,CUST_00425,1884.73,2024-11-29,5,West,Success
TXN_0003816,CUST_00499,6251.02,2024-02-28,3,West,Success
TXN_0003817,CUST_00947,4421.54,2024-06-25,5,North,Success
TXN_0003818,CUST_00630,2648.96,2024-03-03,6,North,Success
TXN_0003819,CUST_00718,1083.69,2024-02-18,5,South,Success
TXN_0003820,CUST_00339,1023.9,2024-11-02,5,North,Success
TXN_0003821,CUST_00659,2706.2,2024-09-02,2,West,Success
TXN_0003822,CUST_00962,3856.98,2024-10-15,4,North,Success
TXN_0003823,CUST_00429,3021.49,2024-10-12,5,South,Success
TXN_0003824,CUST_00899,965.19,2024-11-27,4,North,Success
TXN_0003825,CUST_00139,3716.49,2024-01-15,5,East,Success
TXN_0003826,CUST_00942,3104.88,2024-12-03,1,East,Success
TXN_0003827,CUST_00542,937.73,2024-09-11,6,North,Success
TXN_0003828,CUST_00057,1179.14,2024-04-01,4,East,Success
TXN_0003829,CUST_00658,3830.68,2024-10-05,8,East,Success
TXN_0003830,CUST_00435,1830.59,2024-07-24,4,North,Success
TXN_0003831,CUST_00384,7873.97,2024-04-03,4,East,Success
TXN_0003832,CUST_00560,3297.45,2024-08-12,7,South,Success
TXN_0003833,CUST_00194,1496.22,2024-10-27,5,South,Success
TXN_0003834,CUST_00534,2190.39,2024-11-13,3,West,Success
TXN_0003835,CUST_00518,2323.21,2024-07-17,4,South,Success
TXN_0003836,CUST_00716,1233.1,2024-09-27,8,West,Success
TXN_0003837,CUST_00751,1064.15,2024-08-21,2,West,Fail
TXN_0003838,CUST_00185,3870.4,2024-02-15,7,North,Success
TXN_0003839,CUST_00292,4342.56,2024-03-04,8,East,Success
TXN_0003840,CUST_00732,3579.67,2024-08-17,7,North,Success
TXN_0003841,CUST_00116,7422.38,2024-09-05,6,West,Fail
TXN_0003842,CUST_00825,1431.65,2024-09-02,9,North,Success
TXN_0003843,CUST_01073,8428.86,2024-03-15,4,East,Success
TXN_0003844,CUST_00685,1074.13,2024-06-05,3,East,Success
TXN_0003845,CUST_00082,982.26,2024-08-10,4,East,Success
TXN_0003846,CUST_00834,540.25,2024-07-08,4,West,Success
TXN_0003847,CUST_00333,1545.9,2024-02-21,4,North,Success
TXN_0003848,CUST_00557,1475.9,2024-03-28,4,North,Success
TXN_0003849,CUST_00335,3363.54,2024-11-08,6,West,Fail
TXN_0003850,CUST_00532,2684.13,2024-12-04,2,West,Success
TXN_0003851,CUST_00221,850.33,2024-03-06,5,South,Success
TXN_0003852,CUST_00635,1612.95,2024-05-29,3,North,Success
TXN_0003853,CUST_00323,1640.62,2024-01-20,4,East,Success
TXN_0003854,CUST_00003,533.37,2024-02-02,5,North,Success
TXN_0003855,CUST_00206,1007.52,2024-11-23,9,South,Success
TXN_0003856,CUST_00040,1191.95,2024-10-07,3,East,Success
TXN_0003857,CUST_00059,6952.8,2024-02-15,5,South,Success
TXN_0003858,CUST_00951,2573.86,2024-03-13,5,West,Success
TXN_0003859,CUST_00574,3750.84,2024-12-19,7,West,Success
TXN_0003860,CUST_00644,665.87,2024-11-08,6,North,Success
TXN_0003861,CUST_00843,5740.9,2024-12-08,3,West,Success
TXN_0003862,CUST_01146,6253.41,2024-05-12,5,West,Success
TXN_0003863,CUST_00619,446.45,2024-02-24,6,North,Success
TXN_0003864,CUST_00096,1256.07,2024-03-01,3,South,Fail
TXN_0003865,CUST_00898,3283.33,2024-12-10,5,South,Success
TXN_0003866,CUST_01086,3697.86,2024-01-08,8,East,Success
TXN_0003867,CUST_00561,1283.32,2024-09-28,4,East,Fail
TXN_0003868,CUST_00905,1729.52,2024-09-02,3,South,Success
TXN_0003869,CUST_00348,1369.36,2024-06-24,6,West,Success
TXN_0003870,CUST_00671,2412.3,2024-04-25,4,East,Success
TXN_0003871,CUST_01148,5754.53,2024-11-12,5,South,Success
TXN_0003872,CUST_00317,1191.74,2024-09-27,4,West,Success
TXN_0003873,CUST_00719,4918.0,2024-07-11,4,West,Success
TXN_0003874,CUST_01072,1181.64,2024-05-29,9,South,Success
TXN_0003875,CUST_01160,1120.91,2024-05-10,5,North,Success
TXN_0003876,CUST_00250,4250.86,2024-04-11,5,South,Success
TXN_0003877,CUST_00314,4617.22,2024-11-05,6,West,Success
TXN_0003878,CUST_00807,4363.93,2024-09-26,3,East,Fail
TXN_0003879,CUST_00485,770.75,2024-10-18,4,West,Success
TXN_0003880,CUST_00044,1521.18,2024-07-28,3,West,Success
TXN_0003881,CUST_00571,4265.82,2024-12-26,1,South,Fail
TXN_0003882,CUST_00583,2282.97,2024-12-03,6,West,Success
TXN_0003883,CUST_01116,935.47,2024-03-07,4,North,Success
TXN_0003884,CUST_00895,3186.42,2024-01-10,6,East,Success
TXN_0003885,CUST_00220,1246.57,2024-02-18,5,South,Success
TXN_0003886,CUST_00925,9280.03,2024-04-20,7,North,Success
TXN_0003887,CUST_00401,7599.77,2024-11-16,8,East,Success
TXN_0003888,CUST_00727,3580.57,2024-08-06,5,North,Success
TXN_0003889,CUST_00991,6560.39,2024-02-26,6,West,Success
TXN_0003890,CUST_00899,2325.83,2024-10-09,2,West,Success
TXN_0003891,CUST_00858,4073.88,2024-04-22,3,North,Success
TXN_0003892,CUST_00804,7202.45,2024-05-12,5,East,Success
TXN_0003893,CUST_00490,2687.59,2024-03-11,10,North,Success
TXN_0003894,CUST_00938,1800.56,2024-03-23,4,North,Success
TXN_0003895,CUST_00844,564.7,2024-02-26,5,North,Success
TXN_0003896,CUST_00267,2066.26,2024-12-14,8,East,Success
TXN_0003897,CUST_00054,4267.31,2024-09-27,4,North,Success
TXN_0003898,CUST_00528,4705.59,2024-04-20,6,West,Success
TXN_0003899,CUST_00616,3305.99,2024-12-22,2,South,Success
TXN_0003900,CUST_01083,1432.19,2024-03-16,3,West,Success
TXN_0003901,CUST_01064,454.2,2024-06-06,2,West,Success
TXN_0003902,CUST_00955,1485.98,2024-01-20,6,North,Success
TXN_0003903,CUST_00386,1731.12,2024-05-10,3,South,Success
TXN_0003904,CUST_00734,1719.27,2024-11-24,7,North,Success
TXN_0003905,CUST_00716,3622.23,2024-05-01,4,South,Success
TXN_0003906,CUST_00650,10813.4,2024-02-10,6,West,Success
TXN_0003907,CUST_00300,2437.73,2024-06-15,5,East,Success
TXN_0003908,CUST_00395,1856.81,2024-05-09,3,North,Success
TXN_0003909,CUST_00593,1794.75,2024-01-23,4,West,Success
TXN_0003910,CUST_00514,2439.4,2024-10-05,4,South,Success
TXN_0003911,CUST_00396,1138.38,2024-09-07,2,West,Success
TXN_0003912,CUST_00371,2431.25,2024-01-09,6,West,Success
TXN_0003913,CUST_00858,3167.35,2024-01-13,3,West,Success
TXN_0003914,CUST_00791,2611.68,2024-11-02,6,East,Success
TXN_0003915,CUST_00658,3184.45,2024-11-15,4,North,Success
TXN_0003916,CUST_00736,3124.4,2024-02-21,5,North,Success
TXN_0003917,CUST_00384,535.12,2024-07-27,4,North,Success
TXN_0003918,CUST_00062,3675.69,2024-02-07,6,East,Success
TXN_0003919,CUST_00505,1291.02,2024-04-09,7,East,Success
TXN_0003920,CUST_00239,919.04,2024-07-11,8,South,Success
TXN_0003921,CUST_00195,912.73,2024-07-09,5,North,Success
TXN_0003922,CUST_00678,3123.89,2024-02-20,4,South,Success
TXN_0003923,CUST_00061,1848.15,2024-05-20,2,West,Success
TXN_0003924,CUST_01153,575.03,2024-06-16,2,South,Success
TXN_0003925,CUST_00990,3237.09,2024-11-06,4,South,Success
TXN_0003926,CUST_00685,698.07,2024-04-18,5,West,Success
TXN_0003927,CUST_00156,2469.71,2024-07-25,7,West,Success
TXN_0003928,CUST_00923,2672.58,2024-10-26,3,South,Success
TXN_0003929,CUST_00868,4484.86,2024-04-19,5,South,Success
TXN_0003930,CUST_00903,9185.19,2024-07-14,5,North,Success
TXN_0003931,CUST_00999,741.19,2024-05-31,5,East,Success
TXN_0003932,CUST_00975,2117.56,2024-08-30,6,West,Success
TXN_0003933,CUST_00388,1770.35,2024-05-07,4,South,Success
TXN_0003934,CUST_00887,3124.41,2024-04-14,2,East,Success
TXN_0003935,CUST_00838,2624.21,2024-01-10,5,South,Success
TXN_0003936,CUST_00340,1665.64,2024-12-21,7,North,Success
TXN_0003937,CUST_00204,1551.97,2024-05-27,5,South,Fail
TXN_0003938,CUST_00161,904.01,2024-12-30,11,West,Success
TXN_0003939,CUST_00392,4867.27,2024-12-29,3,South,Success
TXN_0003940,CUST_00769,3188.68,2024-05-19,7,South,Success
TXN_0003941,CUST_00575,4601.85,2024-07-08,10,West,Success
TXN_0003942,CUST_00534,1722.76,2024-04-03,4,North,Success
TXN_0003943,CUST_01094,1305.75,2024-08-16,8,West,Success
TXN_0003944,CUST_00893,932.01,2024-03-03,4,South,Success
TXN_0003945,CUST_00405,2942.85,2024-12-05,4,North,Success
TXN_0003946,CUST_00608,961.18,2024-01-25,6,West,Success
TXN_0003947,CUST_00828,9690.78,2024-09-24,4,East,Success
TXN_0003948,CUST_01144,775.79,2024-10-07,6,East,Success
TXN_0003949,CUST_00690,2748.82,2024-01-11,4,East,Success
TXN_0003950,CUST_00902,7734.79,2024-11-15,2,West,Success
TXN_0003951,CUST_00056,3566.26,2024-07-19,5,North,Success
TXN_0003952,CUST_00366,2541.57,2024-05-05,6,West,Success
TXN_0003953,CUST_00455,1017.61,2024-11-01,6,South,Success
TXN_0003954,CUST_00104,731.13,2024-07-08,10,West,Success
TXN_0003955,CUST_00077,4088.94,2024-03-29,7,East,Success
TXN_0003956,CUST_00230,7368.12,2024-12-20,3,East,Success
TXN_0003957,CUST_00331,1554.52,2024-04-25,4,South,Success
TXN_0003958,CUST_00893,887.8,2024-12-17,8,West,Success
TXN_0003959,CUST_00688,309.04,2024-06-25,4,East,Success
TXN_0003960,CUST_00027,1007.66,2024-01-14,6,West,Fail
TXN_0003961,CUST_00299,2016.41,2024-09-13,1,East,Success
TXN_0003962,CUST_00957,7937.06,2024-07-27,3,South,Success
TXN_0003963,CUST_00799,3783.89,2024-10-07,3,North,Success
TXN_0003964,CUST_01115,2818.81,2024-11-23,9,North,Success
TXN_0003965,CUST_00480,1603.44,2024-11-20,9,East,Success
TXN_0003966,CUST_00573,1385.02,2024-04-14,6,East,Success
TXN_0003967,CUST_00458,6798.91,2024-05-26,5,West,Success
TXN_0003968,CUST_00365,2593.05,2024-10-05,7,North,Fail
TXN_0003969,CUST_00859,410.72,2024-01-09,4,West,Success
TXN_0003970,CUST_00351,1288.42,2024-04-27,8,East,Success
TXN_0003971,CUST_00253,1111.46,2024-04-03,4,North,Success
TXN_0003972,CUST_00781,1426.51,2024-05-23,9,West,Success
TXN_0003973,CUST_00803,3464.52,2024-10-15,7,East,Success
TXN_0003974,CUST_01012,2026.46,2024-01-14,6,West,Success
TXN_0003975,CUST_00459,2076.64,2024-09-13,5,West,Success
TXN_0003976,CUST_00917,6315.6,2024-12-11,5,East,Success
TXN_0003977,CUST_00499,1265.0,2024-07-04,5,West,Success
TXN_0003978,CUST_00950,9811.98,2024-12-10,4,West,Success
TXN_0003979,CUST_00508,1290.72,2024-07-25,5,North,Success
TXN_0003980,CUST_00501,2371.69,2024-12-11,2,West,Success
TXN_0003981,CUST_00803,1763.47,2024-06-20,3,South,Success
TXN_0003982,CUST_00598,2437.52,2024-09-26,3,East,Success
TXN_0003983,CUST_00166,3151.63,2024-08-08,8,West,Success
TXN_0003984,CUST_00462,3124.62,2024-05-31,5,East,Success
TXN_0003985,CUST_00920,1208.95,2024-04-20,6,South,Success
TXN_0003986,CUST_00114,899.35,2024-07-01,4,East,Success
TXN_0003987,CUST_00992,16359.06,2024-12-04,4,South,Success
TXN_0003988,CUST_00207,1499.39,2024-03-12,5,South,Success
TXN_0003989,CUST_00515,3863.66,2024-10-09,3,North,Success
TXN_0003990,CUST_00709,610.26,2024-03-14,8,South,Success
TXN_0003991,CUST_01149,1765.71,2024-12-20,5,North,Success
TXN_0003992,CUST_00138,1994.68,2024-08-02,5,West,Success
TXN_0003993,CUST_00339,3223.59,2024-11-23,5,North,Fail
TXN_0003994,CUST_00537,250.14,2024-01-23,6,North,Success
TXN_0003995,CUST_00068,2522.26,2024-03-08,2,West,Success
TXN_0003996,CUST_00383,880.25,2024-12-27,6,East,Success
TXN_0003997,CUST_00019,2862.57,2024-04-02,6,East,Success
TXN_0003998,CUST_00683,963.85,2024-11-16,6,West,Success
TXN_0003999,CUST_00074,1113.89,2024-11-19,6,South,Success
TXN_0004000,CUST_00573,1774.19,2024-03-03,5,North,Success
TXN_0004001,CUST_00939,951.59,2024-08-11,5,East,Success
TXN_0004002,CUST_01072,1509.56,2024-08-12,7,East,Success
TXN_0004003,CUST_00211,850.05,2024-12-11,3,South,Success
TXN_0004004,CUST_00855,509.52,2024-12-02,5,East,Success
TXN_0004005,CUST_00651,4985.88,2024-04-12,2,East,Fail
TXN_0004006,CUST_00994,783.02,2024-08-02,3,East,Success
TXN_0004007,CUST_00695,1914.2,2024-07-10,4,West,Success
TXN_0004008,CUST_00540,4033.19,2024-06-08,2,East,Success
TXN_0004009,CUST_00901,1350.25,2024-07-25,4,East,Fail
TXN_0004010,CUST_00780,1141.24,2024-09-25,5,West,Success
TXN_0004011,CUST_01137,2646.49,2024-07-12,5,East,Success
TXN_0004012,CUST_00170,5401.04,2024-05-31,4,South,Success
TXN_0004013,CUST_01038,866.57,2024-08-24,8,North,Success
TXN_0004014,CUST_00288,1958.4,2024-03-28,5,West,Success
TXN_0004015,CUST_00189,552.25,2024-01-11,6,West,Success
TXN_0004016,CUST_00914,1612.34,2024-07-05,4,East,Success
TXN_0004017,CUST_01179,2269.61,2024-08-01,5,North,Success
TXN_0004018,CUST_00694,1114.66,2024-01-15,4,South,Success
TXN_0004019,CUST_00888,1532.12,2024-09-22,9,South,Success
TXN_0004020,CUST_00471,715.81,2024-10-23,3,North,Success
TXN_0004021,CUST_01099,2348.81,2024-03-13,7,North,Success
TXN_0004022,CUST_00277,5138.7,2024-02-21,6,South,Success
TXN_0004023,CUST_00940,918.08,2024-05-07,6,East,Success
TXN_0004024,CUST_00571,1341.93,2024-01-28,1,North,Success
TXN_0004025,CUST_00857,3301.19,2024-03-05,7,North,Success
TXN_0004026,CUST_01001,5823.59,2024-01-17,4,East,Success
TXN_0004027,CUST_00458,668.78,2024-12-16,3,West,Success
TXN_0004028,CUST_00918,1929.42,2024-05-17,6,North,Fail
TXN_0004029,CUST_00833,2769.73,2024-11-14,2,East,Success
TXN_0004030,CUST_01088,2035.21,2024-08-16,2,South,Success
TXN_0004031,CUST_00839,304.47,2024-09-10,4,West,Success
TXN_0004032,CUST_00193,3297.34,2024-07-28,5,North,Success
TXN_0004033,CUST_00616,7446.27,2024-10-20,4,East,Success
TXN_0004034,CUST_00406,2424.38,2024-08-18,4,West,Success
TXN_0004035,CUST_00943,967.89,2024-08-28,5,East,Success
TXN_0004036,CUST_00721,1464.84,2024-03-10,2,South,Success
TXN_0004037,CUST_00093,9099.1,2024-04-13,3,North,Success
TXN_0004038,CUST_00430,4573.21,2024-07-22,4,East,Success
TXN_0004039,CUST_00654,3684.98,2024-02-22,4,North,Success
TXN_0004040,CUST_00434,2936.96,2024-11-25,5,East,Success
TXN_0004041,CUST_01136,1301.26,2024-02-23,5,North,Success
TXN_0004042,CUST_00375,1880.97,2024-10-02,6,North,Success
TXN_0004043,CUST_01083,2074.89,2024-11-30,2,West,Success
TXN_0004044,CUST_01067,3427.75,2024-01-31,7,East,Success
TXN_0004045,CUST_00207,7384.48,2024-05-14,3,East,Success
TXN_0004046,CUST_00780,5402.79,2024-02-27,8,North,Success
TXN_0004047,CUST_01142,709.45,2024-04-14,5,North,Success
TXN_0004048,CUST_00532,2641.75,2024-09-22,3,West,Success
TXN_0004049,CUST_00166,3981.49,2024-01-10,4,South,Success
TXN_0004050,CUST_00643,3623.11,2024-09-09,8,East,Success
TXN_0004051,CUST_01180,1334.9,2024-10-21,6,North,Success
TXN_0004052,CUST_00090,22726.51,2024-06-04,3,West,Success
TXN_0004053,CUST_01118,794.99,2024-06-06,4,North,Success
TXN_0004054,CUST_00013,928.39,2024-02-06,6,East,Success
TXN_0004055,CUST_00973,2662.11,2024-04-28,4,West,Success
TXN_0004056,CUST_00805,12009.37,2024-03-07,2,West,Success
TXN_0004057,CUST_00945,1131.21,2024-08-29,7,North,Success
TXN_0004058,CUST_00742,1785.29,2024-10-25,9,North,Success
TXN_0004059,CUST_00876,5228.27,2024-07-31,7,South,Success
TXN_0004060,CUST_01174,2177.02,2024-11-03,3,South,Fail
TXN_0004061,CUST_00660,1689.72,2024-04-10,6,East,Success
TXN_0004062,CUST_01032,3472.07,2024-02-25,6,East,Success
TXN_0004063,CUST_01053,2746.31,2024-11-27,3,West,Success
TXN_0004064,CUST_00296,5035.92,2024-11-19,5,East,Success
TXN_0004065,CUST_00986,6205.4,2024-08-26,4,South,Success
TXN_0004066,CUST_00926,2823.13,2024-08-18,5,South,Success
TXN_0004067,CUST_00640,2788.85,2024-12-27,2,South,Success
TXN_0004068,CUST_00340,2620.94,2024-04-01,5,North,Success
TXN_0004069,CUST_00628,3265.95,2024-10-05,9,South,Success
TXN_0004070,CUST_00439,2308.0,2024-04-18,7,South,Success
TXN_0004071,CUST_01168,2207.27,2024-11-12,7,East,Success
TXN_0004072,CUST_00942,5751.99,2024-06-16,5,South,Success
TXN_0004073,CUST_00830,7427.12,2024-10-26,2,South,Success
TXN_0004074,CUST_00519,661.13,2024-08-05,4,North,Success
TXN_0004075,CUST_00976,2226.12,2024-08-09,7,South,Success
TXN_0004076,CUST_01069,1272.89,2024-06-09,6,East,Success
TXN_0004077,CUST_00955,1721.97,2024-01-16,4,North,Success
TXN_0004078,CUST_00952,3047.31,2024-10-04,9,West,Success
TXN_0004079,CUST_00944,3772.72,2024-02-26,7,South,Success
TXN_0004080,CUST_00155,2018.88,2024-03-02,4,South,Success
TXN_0004081,CUST_00088,477.86,2024-12-28,4,South,Success
TXN_0004082,CUST_01097,1020.41,2024-11-22,8,West,Success
TXN_0004083,CUST_00931,4524.22,2024-08-29,9,North,Success
TXN_0004084,CUST_00179,246.57,2024-03-30,3,North,Success
TXN_0004085,CUST_00212,5709.81,2024-03-12,4,South,Success
TXN_0004086,CUST_00465,3350.9,2024-11-21,7,West,Success
TXN_0004087,CUST_00631,6329.27,2024-01-30,3,East,Success
TXN_0004088,CUST_00825,1883.99,2024-12-24,6,West,Success
TXN_0004089,CUST_00607,424.48,2024-10-14,3,South,Success
TXN_0004090,CUST_00885,3115.95,2024-03-26,6,West,Success
TXN_0004091,CUST_00366,6122.48,2024-08-21,1,North,Success
TXN_0004092,CUST_00276,4627.52,2024-08-22,3,North,Success
TXN_0004093,CUST_00380,1299.65,2024-11-08,4,North,Success
TXN_0004094,CUST_00945,2367.07,2024-12-30,2,East,Success
TXN_0004095,CUST_01088,1441.92,2024-09-21,3,West,Success
TXN_0004096,CUST_00810,1146.63,2024-10-13,4,South,Success
TXN_0004097,CUST_00925,4742.46,2024-11-22,4,South,Success
TXN_0004098,CUST_00494,847.23,2024-09-25,4,North,Success
TXN_0004099,CUST_01122,1080.25,2024-07-04,3,South,Success
TXN_0004100,CUST_01095,913.04,2024-05-10,6,East,Success
TXN_0004101,CUST_00364,670.35,2024-10-17,1,West,Success
TXN_0004102,CUST_00570,2482.77,2024-10-03,5,East,Success
TXN_0004103,CUST_00763,5592.62,2024-11-15,6,West,Success
TXN_0004104,CUST_00276,1904.74,2024-12-16,4,West,Success
TXN_0004105,CUST_00050,662.09,2024-06-28,7,West,Success
TXN_0004106,CUST_00728,4324.08,2024-10-16,4,South,Success
TXN_0004107,CUST_00906,8506.29,2024-06-11,7,South,Success
TXN_0004108,CUST_00928,1316.86,2024-09-27,5,South,Success
TXN_0004109,CUST_00564,1505.92,2024-04-05,8,South,Success
TXN_0004110,CUST_00783,3336.0,2024-09-18,3,South,Success
TXN_0004111,CUST_00485,8082.84,2024-12-30,3,South,Fail
TXN_0004112,CUST_01108,1457.0,2024-12-18,4,North,Success
TXN_0004113,CUST_00584,760.55,2024-10-14,4,North,Success
TXN_0004114,CUST_00236,3659.69,2024-03-23,6,North,Fail
TXN_0004115,CUST_00056,4184.97,2024-08-12,3,East,Fail
TXN_0004116,CUST_00360,2219.21,2024-08-10,4,East,Success
TXN_0004117,CUST_00110,1413.03,2024-04-27,3,East,Success
TXN_0004118,CUST_00192,4892.72,2024-07-10,3,West,Success
TXN_0004119,CUST_00904,3369.19,2024-03-19,2,West,Success
TXN_0004120,CUST_01117,1194.22,2024-03-18,4,East,Success
TXN_0004121,CUST_00862,2296.81,2024-05-26,7,North,Success
TXN_0004122,CUST_00568,748.92,2024-04-16,5,South,Success
TXN_0004123,CUST_01084,3822.7,2024-09-27,8,South,Success
TXN_0004124,CUST_00650,1790.43,2024-08-31,4,South,Success
TXN_0004125,CUST_00039,1558.43,2024-03-13,10,West,Success
TXN_0004126,CUST_01073,2151.03,2024-12-22,5,East,Success
TXN_0004127,CUST_00637,2280.72,2024-12-19,6,North,Fail
TXN_0004128,CUST_01037,4518.54,2024-01-26,6,South,Success
TXN_0004129,CUST_00036,3543.51,2024-07-28,4,East,Success
TXN_0004130,CUST_00101,1948.61,2024-04-01,8,East,Success
TXN_0004131,CUST_01110,4068.11,2024-05-04,4,West,Success
TXN_0004132,CUST_00166,3042.97,2024-03-13,4,West,Success
TXN_0004133,CUST_00383,1569.83,2024-05-02,6,West,Success
TXN_0004134,CUST_00790,1998.65,2024-11-04,3,West,Success
TXN_0004135,CUST_00031,1961.42,2024-07-02,10,East,Success
TXN_0004136,CUST_00011,3308.36,2024-07-05,6,West,Fail
TXN_0004137,CUST_00096,1646.46,2024-07-16,10,South,Success
TXN_0004138,CUST_00453,1615.94,2024-03-18,4,North,Success
TXN_0004139,CUST_00192,10668.02,2024-12-13,8,West,Success
TXN_0004140,CUST_00486,4683.44,2024-07-04,6,South,Success
TXN_0004141,CUST_01152,1201.73,2024-12-09,6,North,Success
TXN_0004142,CUST_00238,3486.85,2024-09-09,9,West,Success
TXN_0004143,CUST_01136,2427.65,2024-01-13,7,West,Success
TXN_0004144,CUST_01169,3020.69,2024-10-25,5,North,Success
TXN_0004145,CUST_01089,2464.82,2024-03-16,6,South,Success
TXN_0004146,CUST_00735,5719.94,2024-02-20,4,South,Success
TXN_0004147,CUST_00991,2911.71,2024-10-01,12,East,Success
TXN_0004148,CUST_00825,2101.34,2024-05-28,8,East,Success
TXN_0004149,CUST_00106,5083.49,2024-08-06,4,West,Success
TXN_0004150,CUST_00181,2661.45,2024-05-01,4,South,Success
TXN_0004151,CUST_00184,2433.74,2024-07-29,5,South,Success
TXN_0004152,CUST_00226,2839.03,2024-10-06,7,West,Success
TXN_0004153,CUST_00777,2049.01,2024-01-26,3,North,Success
TXN_0004154,CUST_00790,2224.71,2024-06-21,8,North,Success
TXN_0004155,CUST_01113,1381.11,2024-06-04,5,East,Success
TXN_0004156,CUST_00688,1210.84,2024-08-25,6,West,Success
TXN_0004157,CUST_00530,993.41,2024-03-22,4,North,Success
TXN_0004158,CUST_00972,725.18,2024-12-21,5,West,Success
TXN_0004159,CUST_00936,1092.5,2024-09-29,4,South,Success
TXN_0004160,CUST_00106,1920.97,2024-03-08,3,North,Success
TXN_0004161,CUST_00831,2398.25,2024-02-13,7,North,Success
TXN_0004162,CUST_00679,1777.5,2024-03-01,3,North,Success
TXN_0004163,CUST_00849,335.44,2024-05-02,6,South,Success
TXN_0004164,CUST_01056,7782.78,2024-12-14,3,East,Success
TXN_0004165,CUST_00393,5266.83,2024-07-14,7,West,Success
TXN_0004166,CUST_00040,3154.57,2024-11-25,7,North,Success
TXN_0004167,CUST_00660,10157.75,2024-11-18,4,South,Success
TXN_0004168,CUST_00981,1010.41,2024-04-20,3,North,Success
TXN_0004169,CUST_01106,9997.6,2024-09-14,6,West,Success
TXN_0004170,CUST_00845,1020.28,2024-03-29,7,West,Success
TXN_0004171,CUST_00201,2673.09,2024-07-16,7,North,Success
TXN_0004172,CUST_00447,797.06,2024-10-08,3,South,Success
TXN_0004173,CUST_01062,2234.46,2024-07-18,8,North,Success
TXN_0004174,CUST_00444,3007.71,2024-04-08,3,South,Success
TXN_0004175,CUST_00761,1951.29,2024-01-27,3,East,Success
TXN_0004176,CUST_00227,3909.25,2024-03-29,4,North,Success
TXN_0004177,CUST_00048,2390.39,2024-05-25,5,South,Success
TXN_0004178,CUST_01042,1453.99,2024-06-30,6,North,Success
TXN_0004179,CUST_00912,1403.25,2024-09-13,7,West,Success
TXN_0004180,CUST_00187,4224.82,2024-07-07,1,West,Success
TXN_0004181,CUST_00345,1308.98,2024-08-27,2,North,Success
TXN_0004182,CUST_00224,4593.15,2024-12-24,4,North,Success
TXN_0004183,CUST_00830,5873.29,2024-07-14,5,South,Success
TXN_0004184,CUST_00488,581.16,2024-10-23,9,South,Success
TXN_0004185,CUST_00877,5466.21,2024-06-13,9,West,Success
TXN_0004186,CUST_00849,11479.73,2024-11-02,3,South,Success
TXN_0004187,CUST_00979,2701.61,2024-09-27,3,West,Success
TXN_0004188,CUST_01017,3566.24,2024-01-08,7,East,Success
TXN_0004189,CUST_00188,5062.44,2024-02-07,6,North,Success
TXN_0004190,CUST_00270,1771.56,2024-04-23,6,South,Success
TXN_0004191,CUST_00310,2555.04,2024-12-04,3,West,Success
TXN_0004192,CUST_01156,771.73,2024-02-25,8,West,Success
TXN_0004193,CUST_01096,2467.37,2024-12-24,2,North,Success
TXN_0004194,CUST_00845,3289.5,2024-05-17,5,North,Success
TXN_0004195,CUST_00486,3337.34,2024-04-11,3,North,Success
TXN_0004196,CUST_00120,5178.86,2024-11-29,8,South,Success
TXN_0004197,CUST_00220,1188.16,2024-06-25,10,East,Success
TXN_0004198,CUST_00053,1442.18,2024-06-17,3,East,Success
TXN_0004199,CUST_00758,10060.84,2024-12-04,4,East,Success
TXN_0004200,CUST_00738,1958.11,2024-10-12,6,East,Success
TXN_0004201,CUST_00720,2591.59,2024-09-17,5,West,Success
TXN_0004202,CUST_00406,2093.08,2024-08-10,2,South,Success
TXN_0004203,CUST_00608,1144.42,2024-07-17,2,East,Success
TXN_0004204,CUST_01021,8093.56,2024-07-29,3,East,Success
TXN_0004205,CUST_00422,1447.86,2024-10-13,3,South,Success
TXN_0004206,CUST_00712,896.21,2024-06-28,6,South,Success
TXN_0004207,CUST_00247,1539.8,2024-09-06,7,North,Success
TXN_0004208,CUST_00072,445.25,2024-08-18,3,North,Success
TXN_0004209,CUST_00185,1311.56,2024-01-23,4,East,Success
TXN_0004210,CUST_00006,1017.9,2024-02-17,7,West,Success
TXN_0004211,CUST_00906,3618.96,2024-04-18,2,North,Success
TXN_0004212,CUST_00387,1288.54,2024-10-22,3,South,Success
TXN_0004213,CUST_00699,4492.85,2024-01-06,7,North,Success
TXN_0004214,CUST_01100,6760.06,2024-02-07,6,North,Success
TXN_0004215,CUST_00827,4125.49,2024-06-17,6,South,Success
TXN_0004216,CUST_00349,1858.81,2024-12-21,2,East,Success
TXN_0004217,CUST_00308,2472.27,2024-10-09,5,North,Success
TXN_0004218,CUST_01151,651.98,2024-07-21,1,North,Success
TXN_0004219,CUST_00287,1984.21,2024-11-20,2,East,Success
TXN_0004220,CUST_00766,1109.48,2024-11-08,5,North,Success
TXN_0004221,CUST_00725,3848.59,2024-09-29,5,West,Success
TXN_0004222,CUST_00762,17295.5,2024-08-31,2,East,Success
TXN_0004223,CUST_00383,3294.0,2024-11-22,6,West,Success
TXN_0004224,CUST_00388,449.03,2024-02-16,4,South,Success
TXN_0004225,CUST_00525,1654.11,2024-09-05,2,West,Success
TXN_0004226,CUST_00639,2435.71,2024-03-19,4,South,Success
TXN_0004227,CUST_00938,2368.2,2024-04-19,3,East,Success
TXN_0004228,CUST_00276,1230.71,2024-01-13,8,South,Success
TXN_0004229,CUST_00500,2687.14,2024-12-30,6,South,Success
TXN_0004230,CUST_00717,817.29,2024-03-30,2,South,Fail
TXN_0004231,CUST_00337,1036.99,2024-12-07,7,South,Success
TXN_0004232,CUST_00932,3702.04,2024-12-13,8,West,Success
TXN_0004233,CUST_00481,979.92,2024-10-06,4,South,Success
TXN_0004234,CUST_00911,3396.73,2024-08-08,7,South,Success
TXN_0004235,CUST_01082,738.36,2024-03-13,5,North,Success
TXN_0004236,CUST_00109,9062.14,2024-08-21,4,North,Fail
TXN_0004237,CUST_00328,1188.66,2024-09-16,4,North,Success
TXN_0004238,CUST_00315,1846.54,2024-04-22,5,South,Success
TXN_0004239,CUST_01135,2876.96,2024-02-15,5,North,Success
TXN_0004240,CUST_00699,1404.9,2024-09-30,7,West,Success
TXN_0004241,CUST_00781,2476.81,2024-02-12,5,East,Success
TXN_0004242,CUST_00156,3499.19,2024-07-26,5,East,Success
TXN_0004243,CUST_00887,4762.32,2024-12-14,7,East,Success
TXN_0004244,CUST_01026,4159.7,2024-04-12,7,North,Success
TXN_0004245,CUST_00758,1924.75,2024-05-03,7,South,Success
TXN_0004246,CUST_00722,1963.91,2024-01-10,5,East,Success
TXN_0004247,CUST_00913,14462.1,2024-11-24,8,West,Success
TXN_0004248,CUST_00871,4721.64,2024-07-05,5,North,Success
TXN_0004249,CUST_00013,1056.31,2024-01-31,4,North,Success
TXN_0004250,CUST_00608,2392.25,2024-06-04,4,West,Success
TXN_0004251,CUST_00498,1688.99,2024-02-29,6,South,Success
TXN_0004252,CUST_00238,1981.74,2024-09-05,5,South,Success
TXN_0004253,CUST_01118,825.84,2024-09-26,4,West,Success
TXN_0004254,CUST_00781,1588.37,2024-08-04,4,West,Success
TXN_0004255,CUST_01195,9407.33,2024-01-02,2,North,Success
TXN_0004256,CUST_00606,3509.61,2024-01-24,6,West,Success
TXN_0004257,CUST_00661,300.99,2024-07-24,2,South,Success
TXN_0004258,CUST_00849,5845.22,2024-11-15,3,South,Success
TXN_0004259,CUST_00936,5280.12,2024-07-17,9,South,Success
TXN_0004260,CUST_00628,1656.68,2024-12-21,6,South,Success
TXN_0004261,CUST_00143,3919.86,2024-04-23,6,South,Success
TXN_0004262,CUST_00714,1110.41,2024-10-06,4,North,Success
TXN_0004263,CUST_00479,1515.95,2024-06-03,2,West,Success
TXN_0004264,CUST_00565,7323.45,2024-06-13,3,West,Success
TXN_0004265,CUST_00471,1776.88,2024-08-09,7,East,Success
TXN_0004266,CUST_00384,494.83,2024-03-31,5,North,Success
TXN_0004267,CUST_00926,2099.3,2024-06-15,3,North,Success
TXN_0004268,CUST_00417,2073.78,2024-07-25,4,North,Success
TXN_0004269,CUST_00308,5760.01,2024-10-08,7,North,Success
TXN_0004270,CUST_00649,2233.82,2024-03-05,4,North,Success
TXN_0004271,CUST_01025,1576.14,2024-01-04,5,South,Success
TXN_0004272,CUST_01068,5095.15,2024-06-05,5,East,Success
TXN_0004273,CUST_00739,2432.4,2024-09-05,8,South,Success
TXN_0004274,CUST_01122,1211.95,2024-09-13,4,East,Success
TXN_0004275,CUST_00140,5563.59,2024-08-22,6,North,Success
TXN_0004276,CUST_00974,2578.41,2024-11-01,6,North,Success
TXN_0004277,CUST_01017,2213.52,2024-03-14,5,West,Success
TXN_0004278,CUST_00953,2546.12,2024-07-05,5,North,Fail
TXN_0004279,CUST_00904,937.73,2024-03-02,3,North,Success
TXN_0004280,CUST_00072,1447.91,2024-12-02,4,North,Success
TXN_0004281,CUST_00107,2214.69,2024-06-12,3,North,Success
TXN_0004282,CUST_01066,1889.88,2024-02-25,6,North,Success
TXN_0004283,CUST_00883,6111.59,2024-04-20,4,East,Success
TXN_0004284,CUST_00139,2627.86,2024-08-05,1,West,Success
TXN_0004285,CUST_00615,4376.14,2024-08-27,8,North,Fail
TXN_0004286,CUST_00863,2225.01,2024-01-21,3,North,Success
TXN_0004287,CUST_00273,5141.14,2024-05-20,6,North,Success
TXN_0004288,CUST_00416,3035.17,2024-09-21,4,East,Success
TXN_0004289,CUST_00506,2232.19,2024-05-18,5,East,Success
TXN_0004290,CUST_00733,2185.01,2024-03-10,3,West,Success
TXN_0004291,CUST_00424,1029.11,2024-04-27,8,North,Success
TXN_0004292,CUST_00390,3312.75,2024-07-16,4,West,Success
TXN_0004293,CUST_00342,2138.45,2024-07-23,5,South,Success
TXN_0004294,CUST_00946,1477.94,2024-08-01,4,East,Success
TXN_0004295,CUST_00614,5351.7,2024-02-25,6,North,Success
TXN_0004296,CUST_00493,812.27,2024-10-13,2,East,Success
TXN_0004297,CUST_00192,1574.99,2024-10-19,6,West,Success
TXN_0004298,CUST_00499,5024.97,2024-06-23,3,South,Success
TXN_0004299,CUST_00822,2842.44,2024-12-12,5,North,Success
TXN_0004300,CUST_00227,2125.39,2024-05-07,2,East,Success
TXN_0004301,CUST_00139,2699.45,2024-11-20,4,South,Success
TXN_0004302,CUST_00856,2549.19,2024-10-18,6,West,Success
TXN_0004303,CUST_00817,656.33,2024-10-14,5,West,Success
TXN_0004304,CUST_01173,1670.02,2024-08-13,2,East,Success
TXN_0004305,CUST_01139,8048.31,2024-03-04,7,East,Success
TXN_0004306,CUST_01087,1303.15,2024-02-17,5,North,Success
TXN_0004307,CUST_00104,1711.9,2024-07-20,4,West,Success
TXN_0004308,CUST_00871,1431.82,2024-12-02,5,North,Success
TXN_0004309,CUST_00668,2059.85,2024-02-29,8,East,Success
TXN_0004310,CUST_00273,1385.06,2024-09-13,5,South,Success
TXN_0004311,CUST_01030,3259.71,2024-03-05,6,North,Success
TXN_0004312,CUST_01171,2585.96,2024-08-26,5,West,Fail
TXN_0004313,CUST_00184,4100.39,2024-10-15,4,East,Success
TXN_0004314,CUST_01052,952.65,2024-02-07,6,East,Success
TXN_0004315,CUST_01143,1681.98,2024-01-25,3,North,Success
TXN_0004316,CUST_00293,1843.5,2024-02-28,5,North,Success
TXN_0004317,CUST_00177,3179.62,2024-12-22,3,East,Success
TXN_0004318,CUST_00058,1170.78,2024-10-23,7,North,Success
TXN_0004319,CUST_00308,4594.08,2024-06-06,4,East,Success
TXN_0004320,CUST_00977,5705.2,2024-02-26,3,West,Success
TXN_0004321,CUST_01129,1001.15,2024-02-17,3,South,Success
TXN_0004322,CUST_00700,1491.15,2024-11-23,9,North,Success
TXN_0004323,CUST_00083,1442.96,2024-02-25,4,West,Success
TXN_0004324,CUST_00252,18140.62,2024-03-05,5,West,Success
TXN_0004325,CUST_00796,1565.69,2024-09-24,4,North,Fail
TXN_0004326,CUST_00897,8451.51,2024-03-09,6,West,Success
TXN_0004327,CUST_00210,801.67,2024-08-03,3,East,Fail
TXN_0004328,CUST_00816,1000.52,2024-03-29,2,North,Fail
TXN_0004329,CUST_00609,1275.02,2024-10-07,6,South,Success
TXN_0004330,CUST_00447,1122.65,2024-09-13,11,East,Success
TXN_0004331,CUST_00460,1782.34,2024-06-08,5,West,Success
TXN_0004332,CUST_00968,1252.6,2024-08-21,5,West,Success
TXN_0004333,CUST_00472,1146.57,2024-05-10,9,South,Success
TXN_0004334,CUST_00370,5579.07,2024-02-18,7,South,Success
TXN_0004335,CUST_00900,5878.37,2024-05-26,2,West,Success
TXN_0004336,CUST_00923,4719.4,2024-11-11,4,South,Success
TXN_0004337,CUST_00137,3358.33,2024-01-02,3,South,Success
TXN_0004338,CUST_00367,2378.43,2024-11-24,5,West,Fail
TXN_0004339,CUST_00912,1483.82,2024-05-24,2,East,Success
TXN_0004340,CUST_00184,1030.16,2024-03-01,2,North,Success
TXN_0004341,CUST_00472,2952.47,2024-09-29,1,West,Success
TXN_0004342,CUST_00654,863.59,2024-02-18,6,South,Success
TXN_0004343,CUST_00749,997.11,2024-11-27,4,South,Success
TXN_0004344,CUST_00537,5554.32,2024-05-10,3,East,Success
TXN_0004345,CUST_00802,10102.31,2024-02-12,4,West,Fail
TXN_0004346,CUST_00920,3024.91,2024-02-26,3,West,Success
TXN_0004347,CUST_00510,5351.68,2024-02-19,5,South,Success
TXN_0004348,CUST_00630,1814.06,2024-06-26,6,West,Success
TXN_0004349,CUST_01002,757.38,2024-10-19,4,South,Success
TXN_0004350,CUST_01097,3603.78,2024-02-15,4,South,Fail
TXN_0004351,CUST_00916,3482.24,2024-06-18,3,South,Success
TXN_0004352,CUST_01034,2338.66,2024-09-27,2,North,Success
TXN_0004353,CUST_00152,1819.1,2024-12-01,5,South,Success
TXN_0004354,CUST_01029,4768.41,2024-05-18,5,East,Success
TXN_0004355,CUST_00464,1003.66,2024-09-03,3,West,Success
TXN_0004356,CUST_01137,1189.13,2024-05-27,4,North,Success
TXN_0004357,CUST_00271,985.86,2024-08-17,3,West,Success
TXN_0004358,CUST_01187,2363.69,2024-10-06,6,East,Success
TXN_0004359,CUST_00460,924.9,2024-05-04,4,North,Success
TXN_0004360,CUST_00105,1277.43,2024-07-10,8,West,Success
TXN_0004361,CUST_00162,1255.63,2024-03-20,7,North,Success
TXN_0004362,CUST_00351,1792.76,2024-04-03,3,South,Success
TXN_0004363,CUST_00434,671.89,2024-08-13,4,South,Success
TXN_0004364,CUST_00852,2367.91,2024-03-05,7,West,Success
TXN_0004365,CUST_00140,5989.98,2024-03-28,8,East,Success
TXN_0004366,CUST_01156,2461.17,2024-03-28,4,North,Success
TXN_0004367,CUST_00087,7578.4,2024-07-19,5,North,Success
TXN_0004368,CUST_00183,6420.16,2024-08-01,6,West,Success
TXN_0004369,CUST_00368,4114.15,2024-07-22,6,South,Success
TXN_0004370,CUST_00129,2344.32,2024-03-29,5,North,Success
TXN_0004371,CUST_00670,2248.46,2024-03-01,4,South,Success
TXN_0004372,CUST_00149,4068.54,2024-09-27,8,South,Success
TXN_0004373,CUST_00985,1614.31,2024-04-03,8,East,Success
TXN_0004374,CUST_00852,489.79,2024-11-02,6,South,Success
TXN_0004375,CUST_00628,3273.46,2024-01-27,5,South,Fail
TXN_0004376,CUST_00446,893.5,2024-08-01,4,North,Success
TXN_0004377,CUST_00884,1022.79,2024-03-14,5,East,Success
TXN_0004378,CUST_00294,2208.74,2024-03-01,1,East,Success
TXN_0004379,CUST_01167,2046.53,2024-07-04,3,West,Success
TXN_0004380,CUST_00250,713.61,2024-01-31,6,West,Success
TXN_0004381,CUST_00878,2520.96,2024-08-06,1,West,Success
TXN_0004382,CUST_00948,4783.42,2024-01-12,6,East,Success
TXN_0004383,CUST_00975,895.45,2024-10-28,7,South,Success
TXN_0004384,CUST_01049,6111.86,2024-02-01,6,East,Success
TXN_0004385,CUST_00789,633.88,2024-06-08,5,South,Success
TXN_0004386,CUST_00984,12014.38,2024-08-24,6,West,Success
TXN_0004387,CUST_00889,1589.21,2024-08-14,3,West,Success
TXN_0004388,CUST_00890,2481.19,2024-06-29,7,South,Success
TXN_0004389,CUST_00070,486.08,2024-11-12,6,South,Success
TXN_0004390,CUST_00625,2101.26,2024-02-15,3,West,Success
TXN_0004391,CUST_00875,2651.25,2024-12-06,6,South,Fail
TXN_0004392,CUST_01136,2061.26,2024-03-20,5,East,Success
TXN_0004393,CUST_00471,1407.45,2024-05-14,5,West,Success
TXN_0004394,CUST_00091,1035.61,2024-09-16,8,East,Success
TXN_0004395,CUST_00530,5455.73,2024-11-03,4,West,Success
TXN_0004396,CUST_00661,2263.45,2024-09-03,7,North,Fail
TXN_0004397,CUST_00739,7574.95,2024-06-07,12,East,Success
TXN_0004398,CUST_00726,1449.27,2024-07-21,5,North,Success
TXN_0004399,CUST_00872,1559.57,2024-04-21,3,West,Success
TXN_0004400,CUST_00192,4240.67,2024-10-18,6,East,Success
TXN_0004401,CUST_00138,602.82,2024-11-05,5,East,Success
TXN_0004402,CUST_00345,836.5,2024-04-28,5,East,Success
TXN_0004403,CUST_01009,5313.4,2024-01-17,9,South,Success
TXN_0004404,CUST_00503,864.76,2024-11-26,6,East,Success
TXN_0004405,CUST_00203,515.31,2024-08-14,4,East,Success
TXN_0004406,CUST_00573,9846.01,2024-12-26,5,North,Success
TXN_0004407,CUST_00192,724.11,2024-04-26,7,East,Success
TXN_0004408,CUST_00005,2558.8,2024-02-12,6,South,Success
TXN_0004409,CUST_00311,2333.84,2024-04-24,9,East,Success
TXN_0004410,CUST_00549,233.11,2024-10-09,6,North,Success
TXN_0004411,CUST_00056,1783.17,2024-02-06,8,East,Success
TXN_0004412,CUST_00443,3161.27,2024-10-28,4,East,Success
TXN_0004413,CUST_00870,2932.02,2024-04-22,4,North,Success
TXN_0004414,CUST_00585,4549.7,2024-02-04,4,West,Success
TXN_0004415,CUST_00752,1619.72,2024-05-11,4,East,Success
TXN_0004416,CUST_00360,3904.96,2024-12-01,3,West,Success
TXN_0004417,CUST_00819,1272.24,2024-12-01,6,North,Success
TXN_0004418,CUST_00030,714.53,2024-08-15,6,North,Success
TXN_0004419,CUST_00108,781.97,2024-05-26,4,West,Success
TXN_0004420,CUST_00844,685.61,2024-05-01,6,South,Success
TXN_0004421,CUST_00717,4952.6,2024-03-21,3,South,Fail
TXN_0004422,CUST_00891,657.43,2024-06-21,7,North,Success
TXN_0004423,CUST_00960,2749.66,2024-06-02,6,South,Success
TXN_0004424,CUST_00893,1785.16,2024-05-29,4,South,Success
TXN_0004425,CUST_00732,2034.25,2024-02-27,5,North,Success
TXN_0004426,CUST_00606,6574.05,2024-03-03,2,East,Fail
TXN_0004427,CUST_00457,1555.04,2024-06-04,3,East,Success
TXN_0004428,CUST_00615,3602.13,2024-12-21,5,East,Success
TXN_0004429,CUST_00698,2275.72,2024-11-17,7,South,Success
TXN_0004430,CUST_00674,1955.47,2024-06-16,4,West,Success
TXN_0004431,CUST_00543,13904.6,2024-06-14,6,South,Success
TXN_0004432,CUST_00857,697.1,2024-03-25,3,East,Success
TXN_0004433,CUST_00897,6193.81,2024-05-16,8,North,Success
TXN_0004434,CUST_00278,3733.59,2024-07-07,5,North,Success
TXN_0004435,CUST_00552,1504.75,2024-01-02,3,North,Success
TXN_0004436,CUST_00111,8131.13,2024-04-15,5,South,Success
TXN_0004437,CUST_00385,503.46,2024-12-29,7,West,Success
TXN_0004438,CUST_00761,1454.75,2024-03-12,4,East,Success
TXN_0004439,CUST_00694,839.84,2024-05-05,4,North,Success
TXN_0004440,CUST_00405,3070.72,2024-06-18,6,East,Success
TXN_0004441,CUST_00022,906.46,2024-07-23,4,East,Success
TXN_0004442,CUST_00678,3122.69,2024-11-08,3,South,Success
TXN_0004443,CUST_00611,1902.36,2024-12-02,6,North,Success
TXN_0004444,CUST_00008,1504.95,2024-07-13,3,South,Success
TXN_0004445,CUST_00702,3013.68,2024-06-06,9,East,Success
TXN_0004446,CUST_00529,1781.31,2024-05-20,2,East,Success
TXN_0004447,CUST_00602,924.35,2024-10-01,2,East,Success
TXN_0004448,CUST_00657,20766.54,2024-01-07,6,North,Fail
TXN_0004449,CUST_00166,1495.58,2024-02-23,5,North,Success
TXN_0004450,CUST_00849,374.62,2024-04-13,6,North,Success
TXN_0004451,CUST_00496,1125.88,2024-12-07,4,East,Success
TXN_0004452,CUST_00590,801.25,2024-12-03,3,East,Success
TXN_0004453,CUST_00429,4276.61,2024-03-01,5,West,Fail
TXN_0004454,CUST_00774,2856.41,2024-03-27,6,North,Success
TXN_0004455,CUST_00163,3038.05,2024-09-14,7,East,Success
TXN_0004456,CUST_00366,1642.51,2024-06-26,5,East,Success
TXN_0004457,CUST_00072,1766.08,2024-08-29,3,West,Success
TXN_0004458,CUST_00655,1641.32,2024-07-21,6,West,Success
TXN_0004459,CUST_00269,2069.47,2024-01-31,6,East,Success
TXN_0004460,CUST_00415,4308.16,2024-10-15,3,North,Success
TXN_0004461,CUST_01016,2889.56,2024-03-20,6,South,Success
TXN_0004462,CUST_00675,3294.77,2024-01-11,6,South,Success
TXN_0004463,CUST_01084,3293.31,2024-09-10,3,South,Success
TXN_0004464,CUST_00006,4480.79,2024-10-13,5,North,Success
TXN_0004465,CUST_00982,2780.87,2024-06-24,4,East,Success
TXN_0004466,CUST_00570,2942.69,2024-05-05,2,South,Success
TXN_0004467,CUST_00407,5716.12,2024-02-16,6,South,Success
TXN_0004468,CUST_00026,1297.2,2024-07-24,2,North,Success
TXN_0004469,CUST_01029,1113.66,2024-04-16,4,East,Fail
TXN_0004470,CUST_00986,855.14,2024-10-01,7,East,Success
TXN_0004471,CUST_00390,2556.34,2024-12-02,6,North,Success
TXN_0004472,CUST_00710,501.2,2024-05-02,4,South,Success
TXN_0004473,CUST_00571,3196.22,2024-05-13,4,East,Fail
TXN_0004474,CUST_00754,2023.62,2024-04-16,1,East,Success
TXN_0004475,CUST_00146,5473.71,2024-10-31,8,South,Success
TXN_0004476,CUST_00785,1290.09,2024-11-24,6,North,Success
TXN_0004477,CUST_00526,1876.84,2024-02-19,5,South,Success
TXN_0004478,CUST_00013,5419.52,2024-12-02,5,West,Success
TXN_0004479,CUST_00903,6677.56,2024-04-04,5,East,Success
TXN_0004480,CUST_00384,1281.62,2024-09-24,6,North,Fail
TXN_0004481,CUST_00556,2554.02,2024-01-23,6,South,Success
TXN_0004482,CUST_00887,2794.85,2024-02-23,4,South,Success
TXN_0004483,CUST_00019,2977.75,2024-09-10,8,North,Success
TXN_0004484,CUST_00575,1789.94,2024-08-22,6,East,Success
TXN_0004485,CUST_00751,6155.53,2024-02-28,5,North,Success
TXN_0004486,CUST_01004,486.99,2024-06-12,9,West,Success
TXN_0004487,CUST_00419,1576.71,2024-09-15,5,North,Success
TXN_0004488,CUST_00419,3160.05,2024-11-09,2,West,Success
TXN_0004489,CUST_00122,3183.64,2024-08-03,3,East,Success
TXN_0004490,CUST_00432,6517.25,2024-07-01,7,South,Fail
TXN_0004491,CUST_00044,5759.35,2024-02-26,3,West,Success
TXN_0004492,CUST_00381,1757.36,2024-05-24,6,West,Success
TXN_0004493,CUST_00145,6247.25,2024-03-30,4,North,Success
TXN_0004494,CUST_00363,1247.34,2024-11-06,5,North,Success
TXN_0004495,CUST_01074,4650.41,2024-02-14,2,South,Success
TXN_0004496,CUST_01089,9399.56,2024-09-13,5,East,Fail
TXN_0004497,CUST_00355,5836.9,2024-01-21,4,West,Fail
TXN_0004498,CUST_00800,2403.34,2024-01-21,5,South,Success
TXN_0004499,CUST_01188,1693.54,2024-02-21,5,West,Success
TXN_0004500,CUST_01165,650.1,2024-12-03,3,South,Success
TXN_0004501,CUST_00826,2831.13,2024-06-19,3,North,Success
TXN_0004502,CUST_01152,904.9,2024-03-07,4,North,Success
TXN_0004503,CUST_00398,1170.86,2024-04-22,3,East,Success
TXN_0004504,CUST_00880,851.84,2024-10-26,5,North,Fail
TXN_0004505,CUST_00463,1527.96,2024-06-08,8,South,Success
TXN_0004506,CUST_00808,2159.48,2024-09-22,4,West,Success
TXN_0004507,CUST_00187,2748.72,2024-11-15,6,South,Success
TXN_0004508,CUST_00732,1365.94,2024-08-19,5,East,Success
TXN_0004509,CUST_00429,5194.87,2024-11-20,6,North,Success
TXN_0004510,CUST_00858,1869.52,2024-03-08,4,North,Success
TXN_0004511,CUST_00237,1175.94,2024-01-28,6,West,Success
TXN_0004512,CUST_00771,2646.61,2024-04-25,4,East,Success
TXN_0004513,CUST_00758,10623.7,2024-02-20,3,East,Success
TXN_0004514,CUST_00136,2887.45,2024-06-29,4,North,Success
TXN_0004515,CUST_00792,1651.96,2024-09-16,3,East,Success
TXN_0004516,CUST_00171,650.69,2024-03-19,4,South,Success
TXN_0004517,CUST_00159,1852.83,2024-09-29,8,East,Success
TXN_0004518,CUST_00201,2664.96,2024-04-17,5,South,Success
TXN_0004519,CUST_00962,1619.6,2024-03-14,2,South,Success
TXN_0004520,CUST_00583,582.71,2024-06-23,6,South,Success
TXN_0004521,CUST_00876,1118.28,2024-07-02,5,North,Success
TXN_0004522,CUST_00371,7070.11,2024-01-23,2,South,Success
TXN_0004523,CUST_00103,6954.89,2024-09-30,2,West,Success
TXN_0004524,CUST_01002,1086.47,2024-05-08,6,East,Success
TXN_0004525,CUST_01149,3782.75,2024-10-17,6,South,Success
TXN_0004526,CUST_00976,860.18,2024-11-15,5,West,Success
TXN_0004527,CUST_00798,6791.68,2024-07-04,1,North,Success
TXN_0004528,CUST_00658,2687.02,2024-02-28,3,North,Fail
TXN_0004529,CUST_00882,4720.7,2024-01-01,6,North,Success
TXN_0004530,CUST_00733,559.99,2024-05-10,5,North,Success
TXN_0004531,CUST_00423,3797.54,2024-03-07,11,East,Success
TXN_0004532,CUST_00572,2194.83,2024-10-19,2,North,Success
TXN_0004533,CUST_00171,4365.74,2024-10-11,2,East,Success
TXN_0004534,CUST_00173,4591.19,2024-03-29,7,West,Success
TXN_0004535,CUST_00663,2327.68,2024-04-09,5,North,Success
TXN_0004536,CUST_00453,1365.58,2024-07-07,4,North,Success
TXN_0004537,CUST_00350,4120.61,2024-12-11,4,West,Success
TXN_0004538,CUST_00494,2104.59,2024-08-28,5,West,Success
TXN_0004539,CUST_00620,1098.58,2024-09-26,3,East,Success
TXN_0004540,CUST_01028,1057.73,2024-08-06,5,South,Success
TXN_0004541,CUST_01117,677.4,2024-06-24,7,East,Success
TXN_0004542,CUST_00919,1468.16,2024-12-06,4,South,Success
TXN_0004543,CUST_00006,5335.58,2024-08-20,4,East,Success
TXN_0004544,CUST_00288,2545.96,2024-05-30,7,South,Success
TXN_0004545,CUST_01170,1445.46,2024-10-03,8,North,Success
TXN_0004546,CUST_00608,4204.39,2024-08-16,6,South,Success
TXN_0004547,CUST_00457,1134.58,2024-06-19,2,West,Success
TXN_0004548,CUST_01030,2383.39,2024-08-10,8,West,Success
TXN_0004549,CUST_00624,1912.75,2024-07-31,3,South,Success
TXN_0004550,CUST_00376,4118.75,2024-10-08,8,North,Success
TXN_0004551,CUST_00447,625.29,2024-02-10,5,North,Success
TXN_0004552,CUST_00835,1118.61,2024-05-01,2,South,Success
TXN_0004553,CUST_01130,595.5,2024-08-14,3,South,Success
TXN_0004554,CUST_00811,1794.21,2024-10-20,6,West,Success
TXN_0004555,CUST_01120,5820.5,2024-03-28,4,West,Success
TXN_0004556,CUST_00959,1473.86,2024-09-23,5,East,Success
TXN_0004557,CUST_00849,1467.7,2024-01-29,8,North,Success
TXN_0004558,CUST_00809,4435.43,2024-09-03,7,North,Success
TXN_0004559,CUST_00979,5191.82,2024-11-11,5,North,Success
TXN_0004560,CUST_00416,2057.29,2024-08-31,6,East,Success
TXN_0004561,CUST_00726,3819.11,2024-03-01,5,East,Success
TXN_0004562,CUST_00454,933.03,2024-05-26,3,West,Success
TXN_0004563,CUST_00150,6650.05,2024-06-22,4,West,Success
TXN_0004564,CUST_00759,12319.83,2024-10-04,5,South,Fail
TXN_0004565,CUST_00779,3350.86,2024-11-29,7,East,Fail
TXN_0004566,CUST_00973,416.77,2024-05-21,4,East,Success
TXN_0004567,CUST_00763,1412.92,2024-02-13,9,East,Success
TXN_0004568,CUST_01002,3605.66,2024-05-23,4,North,Success
TXN_0004569,CUST_00076,1576.27,2024-12-18,6,West,Success
TXN_0004570,CUST_00599,6110.47,2024-11-28,3,South,Success
TXN_0004571,CUST_00225,3535.2,2024-02-24,8,East,Success
TXN_0004572,CUST_00113,1254.91,2024-11-02,3,East,Success
TXN_0004573,CUST_00251,2266.09,2024-12-23,6,East,Success
TXN_0004574,CUST_00841,1080.23,2024-06-09,7,North,Success
TXN_0004575,CUST_00714,1908.23,2024-10-11,5,South,Success
TXN_0004576,CUST_01107,1417.04,2024-11-20,1,South,Success
TXN_0004577,CUST_00125,5652.25,2024-07-16,4,East,Fail
TXN_0004578,CUST_01199,12001.77,2024-06-07,5,South,Success
TXN_0004579,CUST_01093,702.78,2024-03-20,4,North,Success
TXN_0004580,CUST_01071,474.1,2024-01-31,5,East,Fail
TXN_0004581,CUST_00884,1815.04,2024-04-21,2,West,Success
TXN_0004582,CUST_00030,655.41,2024-02-15,3,West,Success
TXN_0004583,CUST_00281,2291.52,2024-12-18,6,South,Success
TXN_0004584,CUST_00924,4020.45,2024-07-23,4,West,Success
TXN_0004585,CUST_00368,7297.69,2024-02-21,4,West,Success
TXN_0004586,CUST_00495,2594.41,2024-05-17,6,East,Success
TXN_0004587,CUST_01049,1892.16,2024-03-14,4,North,Success
TXN_0004588,CUST_00718,453.63,2024-02-10,3,East,Success
TXN_0004589,CUST_01017,2255.1,2024-03-17,7,North,Success
TXN_0004590,CUST_00606,2337.95,2024-07-05,8,East,Success
TXN_0004591,CUST_00375,3681.83,2024-02-21,4,West,Success
TXN_0004592,CUST_00639,1252.89,2024-03-27,5,East,Fail
TXN_0004593,CUST_01049,1559.25,2024-04-18,9,South,Success
TXN_0004594,CUST_00116,676.95,2024-08-12,6,South,Success
TXN_0004595,CUST_00048,353.18,2024-09-04,2,North,Success
TXN_0004596,CUST_00099,909.78,2024-03-09,5,North,Success
TXN_0004597,CUST_00405,628.75,2024-04-29,5,North,Success
TXN_0004598,CUST_00685,2891.03,2024-03-07,6,South,Success
TXN_0004599,CUST_00903,1458.98,2024-03-01,5,East,Success
TXN_0004600,CUST_00503,1435.7,2024-11-22,3,West,Success
TXN_0004601,CUST_00894,1004.73,2024-07-09,5,North,Success
TXN_0004602,CUST_00258,166.33,2024-07-07,3,East,Success
TXN_0004603,CUST_00844,7380.88,2024-05-30,4,East,Success
TXN_0004604,CUST_00121,992.06,2024-10-12,5,South,Fail
TXN_0004605,CUST_00810,1587.74,2024-04-05,4,South,Success
TXN_0004606,CUST_00978,689.58,2024-11-07,8,West,Success
TXN_0004607,CUST_00054,4805.63,2024-11-04,6,East,Success
TXN_0004608,CUST_01019,2476.85,2024-09-19,6,North,Success
TXN_0004609,CUST_00784,1140.14,2024-04-06,8,South,Success
TXN_0004610,CUST_00241,1613.59,2024-04-22,7,East,Success
TXN_0004611,CUST_00483,8455.26,2024-05-04,6,South,Success
TXN_0004612,CUST_01013,2083.13,2024-05-11,11,East,Success
TXN_0004613,CUST_00187,1909.53,2024-04-30,6,South,Success
TXN_0004614,CUST_00656,1039.92,2024-07-15,4,North,Success
TXN_0004615,CUST_00262,485.09,2024-10-20,3,West,Success
TXN_0004616,CUST_00953,1942.96,2024-05-01,2,North,Success
TXN_0004617,CUST_00491,2865.18,2024-10-08,6,South,Success
TXN_0004618,CUST_00431,5322.34,2024-09-16,10,South,Success
TXN_0004619,CUST_00239,365.48,2024-02-08,4,South,Success
TXN_0004620,CUST_00304,897.78,2024-02-23,6,North,Success
TXN_0004621,CUST_00298,1387.71,2024-06-09,6,South,Success
TXN_0004622,CUST_00076,2202.21,2024-10-15,4,North,Success
TXN_0004623,CUST_00999,1966.43,2024-07-18,8,South,Success
TXN_0004624,CUST_00642,2003.5,2024-10-02,3,West,Success
TXN_0004625,CUST_00827,3060.94,2024-01-16,10,West,Success
TXN_0004626,CUST_00283,1072.09,2024-06-21,7,South,Success
TXN_0004627,CUST_00591,4662.53,2024-09-04,4,East,Success
TXN_0004628,CUST_00072,3123.66,2024-08-05,1,North,Fail
TXN_0004629,CUST_00703,1709.8,2024-03-27,10,South,Success
TXN_0004630,CUST_00575,7948.4,2024-03-22,8,North,Success
TXN_0004631,CUST_01000,7670.47,2024-03-02,5,East,Success
TXN_0004632,CUST_00892,4657.88,2024-10-13,2,West,Success
TXN_0004633,CUST_00012,197.38,2024-02-11,6,North,Success
TXN_0004634,CUST_00141,7809.97,2024-01-12,6,North,Success
TXN_0004635,CUST_00017,4170.57,2024-11-16,3,North,Success
TXN_0004636,CUST_01087,10994.24,2024-08-21,6,North,Success
TXN_0004637,CUST_00253,5943.01,2024-11-24,6,North,Success
TXN_0004638,CUST_00465,7806.2,2024-05-10,6,West,Success
TXN_0004639,CUST_00376,4460.09,2024-04-24,3,North,Success
TXN_0004640,CUST_00981,6496.08,2024-08-05,3,North,Success
TXN_0004641,CUST_00520,10886.72,2024-05-16,6,West,Success
TXN_0004642,CUST_00090,2626.07,2024-04-15,7,South,Success
TXN_0004643,CUST_00720,627.8,2024-06-27,5,South,Success
TXN_0004644,CUST_00804,1726.81,2024-01-16,2,North,Success
TXN_0004645,CUST_00796,3016.81,2024-08-29,4,West,Success
TXN_0004646,CUST_00630,2344.69,2024-11-29,5,North,Success
TXN_0004647,CUST_01199,814.64,2024-08-13,7,South,Fail
TXN_0004648,CUST_00076,598.93,2024-08-29,4,West,Success
TXN_0004649,CUST_00926,1220.57,2024-05-20,5,East,Success
TXN_0004650,CUST_00400,4214.1,2024-07-17,11,West,Success
TXN_0004651,CUST_00970,7818.69,2024-04-21,4,South,Success
TXN_0004652,CUST_01095,4597.44,2024-05-06,3,West,Success
TXN_0004653,CUST_01148,5145.83,2024-01-21,11,East,Fail
TXN_0004654,CUST_00797,2070.09,2024-05-26,8,West,Success
TXN_0004655,CUST_00195,548.03,2024-03-29,5,North,Success
TXN_0004656,CUST_00228,1534.29,2024-10-29,5,North,Success
TXN_0004657,CUST_00461,1795.41,2024-07-21,6,South,Fail
TXN_0004658,CUST_00618,1483.79,2024-03-25,5,West,Success
TXN_0004659,CUST_01045,2307.12,2024-06-15,2,South,Success
TXN_0004660,CUST_00064,3143.64,2024-03-12,7,West,Success
TXN_0004661,CUST_00165,4369.54,2024-10-24,5,South,Success
TXN_0004662,CUST_00027,1767.82,2024-01-09,5,West,Success
TXN_0004663,CUST_01012,481.54,2024-10-07,3,North,Success
TXN_0004664,CUST_00285,1500.72,2024-09-14,3,South,Success
TXN_0004665,CUST_00281,2286.94,2024-10-01,3,South,Success
TXN_0004666,CUST_00838,5873.74,2024-08-25,7,East,Success
TXN_0004667,CUST_00831,1402.14,2024-01-20,2,West,Success
TXN_0004668,CUST_01188,3327.69,2024-08-20,8,North,Success
TXN_0004669,CUST_00918,2785.19,2024-08-08,4,North,Fail
TXN_0004670,CUST_00224,2287.28,2024-11-21,3,North,Fail
TXN_0004671,CUST_00784,4649.09,2024-01-17,5,South,Success
TXN_0004672,CUST_01170,1301.57,2024-03-29,11,North,Fail
TXN_0004673,CUST_00965,1393.89,2024-07-14,4,South,Success
TXN_0004674,CUST_00950,2187.42,2024-12-15,5,East,Success
TXN_0004675,CUST_01054,1323.3,2024-03-24,7,North,Success
TXN_0004676,CUST_00045,3315.65,2024-03-27,6,East,Success
TXN_0004677,CUST_00471,1248.19,2024-11-02,5,West,Success
TXN_0004678,CUST_00034,2646.63,2024-12-03,4,West,Success
TXN_0004679,CUST_00653,2038.28,2024-06-02,5,East,Success
TXN_0004680,CUST_00830,2622.65,2024-08-15,5,West,Success
TXN_0004681,CUST_00221,1528.75,2024-09-20,6,North,Success
TXN_0004682,CUST_00534,1683.67,2024-08-10,4,North,Success
TXN_0004683,CUST_00692,2384.65,2024-04-30,4,South,Success
TXN_0004684,CUST_00932,2595.82,2024-06-21,6,East,Success
TXN_0004685,CUST_00841,2200.94,2024-01-04,4,East,Success
TXN_0004686,CUST_01011,8641.14,2024-12-07,6,South,Fail
TXN_0004687,CUST_00582,999.66,2024-05-07,5,North,Success
TXN_0004688,CUST_01140,2097.78,2024-04-19,2,East,Success
TXN_0004689,CUST_00239,627.09,2024-12-20,5,South,Success
TXN_0004690,CUST_00441,2974.01,2024-02-06,8,East,Success
TXN_0004691,CUST_00148,904.88,2024-03-11,5,East,Success
TXN_0004692,CUST_01033,1767.55,2024-10-15,4,South,Success
TXN_0004693,CUST_00388,1639.83,2024-01-31,9,East,Success
TXN_0004694,CUST_01074,2764.77,2024-09-24,5,West,Success
TXN_0004695,CUST_00916,1419.08,2024-01-11,9,South,Success
TXN_0004696,CUST_00638,1371.63,2024-12-09,3,South,Success
TXN_0004697,CUST_00278,6965.22,2024-11-23,10,West,Success
TXN_0004698,CUST_00989,2772.91,2024-02-01,2,East,Success
TXN_0004699,CUST_00589,1409.74,2024-02-26,4,West,Success
TXN_0004700,CUST_00649,1806.84,2024-06-14,2,East,Success
TXN_0004701,CUST_00618,8236.11,2024-07-06,5,North,Success
TXN_0004702,CUST_00135,1829.63,2024-12-07,7,West,Success
TXN_0004703,CUST_00580,1272.3,2024-01-19,5,West,Success
TXN_0004704,CUST_01171,1276.66,2024-04-25,7,West,Success
TXN_0004705,CUST_00490,1423.25,2024-07-02,6,North,Success
TXN_0004706,CUST_00478,1372.52,2024-09-26,2,East,Success
TXN_0004707,CUST_01183,793.36,2024-02-02,4,North,Success
TXN_0004708,CUST_00384,898.42,2024-01-10,5,West,Fail
TXN_0004709,CUST_00163,1137.45,2024-03-20,4,North,Success
TXN_0004710,CUST_00441,3544.87,2024-07-10,5,West,Success
TXN_0004711,CUST_00415,1627.84,2024-11-15,1,South,Success
TXN_0004712,CUST_00288,1871.08,2024-07-08,4,East,Success
TXN_0004713,CUST_00187,6100.16,2024-03-08,6,West,Fail
TXN_0004714,CUST_01162,6222.99,2024-12-13,4,North,Success
TXN_0004715,CUST_00130,1762.17,2024-05-04,2,North,Success
TXN_0004716,CUST_00194,1333.16,2024-12-01,6,North,Success
TXN_0004717,CUST_00316,1105.95,2024-02-28,6,East,Success
TXN_0004718,CUST_00144,3843.81,2024-04-06,3,South,Success
TXN_0004719,CUST_00016,1874.76,2024-10-01,4,East,Success
TXN_0004720,CUST_00423,1621.01,2024-05-28,6,South,Success
TXN_0004721,CUST_00245,1151.79,2024-10-04,6,North,Success
TXN_0004722,CUST_00927,1193.05,2024-09-21,3,East,Success
TXN_0004723,CUST_01131,2852.77,2024-01-09,4,South,Success
TXN_0004724,CUST_01112,770.97,2024-10-09,4,North,Success
TXN_0004725,CUST_00129,4894.63,2024-09-29,4,North,Success
TXN_0004726,CUST_00907,1440.76,2024-10-27,4,East,Success
TXN_0004727,CUST_00887,1959.2,2024-01-08,4,South,Success
TXN_0004728,CUST_00341,757.8,2024-07-26,5,North,Fail
TXN_0004729,CUST_00004,2186.61,2024-05-04,6,North,Success
TXN_0004730,CUST_00306,1698.23,2024-05-02,6,North,Success
TXN_0004731,CUST_00908,2121.62,2024-02-02,4,West,Success
TXN_0004732,CUST_00607,7167.89,2024-01-01,3,South,Success
TXN_0004733,CUST_00992,2545.69,2024-07-22,10,South,Success
TXN_0004734,CUST_00321,1169.43,2024-01-06,2,West,Success
TXN_0004735,CUST_00559,1250.06,2024-10-23,6,North,Success
TXN_0004736,CUST_00618,3554.98,2024-01-05,3,West,Success
TXN_0004737,CUST_00711,6241.37,2024-03-20,2,West,Success
TXN_0004738,CUST_01132,2767.04,2024-09-30,4,West,Success
TXN_0004739,CUST_00531,3831.34,2024-06-25,4,South,Success
TXN_0004740,CUST_00410,3596.77,2024-12-03,4,North,Success
TXN_0004741,CUST_00818,6872.28,2024-11-16,5,North,Success
TXN_0004742,CUST_01195,464.21,2024-12-04,3,South,Success
TXN_0004743,CUST_00493,3766.02,2024-05-15,4,South,Success
TXN_0004744,CUST_00012,4851.24,2024-01-25,7,West,Success
TXN_0004745,CUST_00195,756.74,2024-11-20,5,West,Success
TXN_0004746,CUST_00490,1087.31,2024-07-01,4,East,Success
TXN_0004747,CUST_00795,1118.09,2024-06-16,8,East,Success
TXN_0004748,CUST_00881,1232.71,2024-12-03,5,South,Success
TXN_0004749,CUST_00182,1502.11,2024-06-26,6,West,Success
TXN_0004750,CUST_00962,2681.37,2024-04-04,5,South,Success
TXN_0004751,CUST_00656,4414.01,2024-02-02,2,West,Success
TXN_0004752,CUST_00694,5245.12,2024-04-20,3,West,Success
TXN_0004753,CUST_00030,1129.74,2024-05-25,5,South,Success
TXN_0004754,CUST_01120,1123.54,2024-08-18,9,South,Success
TXN_0004755,CUST_00778,6327.48,2024-09-28,9,North,Success
TXN_0004756,CUST_00444,3704.84,2024-12-01,4,North,Success
TXN_0004757,CUST_00298,2359.7,2024-02-07,3,East,Fail
TXN_0004758,CUST_00808,3224.94,2024-05-14,3,South,Success
TXN_0004759,CUST_00845,2156.32,2024-11-29,3,East,Success
TXN_0004760,CUST_01016,3359.9,2024-08-22,7,South,Success
TXN_0004761,CUST_00554,1687.74,2024-11-14,4,South,Success
TXN_0004762,CUST_00303,2738.17,2024-12-10,7,South,Success
TXN_0004763,CUST_00421,659.55,2024-06-08,3,North,Success
TXN_0004764,CUST_00185,1273.82,2024-02-07,5,East,Success
TXN_0004765,CUST_00468,1284.84,2024-05-29,5,South,Success
TXN_0004766,CUST_00754,1636.78,2024-11-03,5,East,Success
TXN_0004767,CUST_00363,1052.36,2024-01-29,5,East,Success
TXN_0004768,CUST_00336,1441.1,2024-05-23,5,North,Success
TXN_0004769,CUST_00162,657.52,2024-03-16,4,North,Success
TXN_0004770,CUST_01184,3425.35,2024-05-24,8,South,Success
TXN_0004771,CUST_00012,2067.28,2024-08-16,3,West,Success
TXN_0004772,CUST_01097,564.44,2024-03-04,3,East,Fail
TXN_0004773,CUST_00588,1132.45,2024-12-12,3,North,Success
TXN_0004774,CUST_00201,2890.78,2024-12-10,4,East,Success
TXN_0004775,CUST_00522,1430.22,2024-09-25,3,West,Success
TXN_0004776,CUST_00505,1264.52,2024-11-23,6,East,Success
TXN_0004777,CUST_00788,2080.42,2024-07-02,3,South,Success
TXN_0004778,CUST_01063,2907.0,2024-09-17,3,East,Success
TXN_0004779,CUST_00060,699.89,2024-09-24,9,North,Success
TXN_0004780,CUST_00578,3429.27,2024-06-17,8,South,Success
TXN_0004781,CUST_00321,1164.17,2024-09-15,7,South,Success
TXN_0004782,CUST_00923,2176.9,2024-08-14,2,West,Success
TXN_0004783,CUST_00569,2146.65,2024-02-02,4,South,Success
TXN_0004784,CUST_01102,1448.59,2024-08-01,4,North,Success
TXN_0004785,CUST_00527,973.67,2024-02-19,6,West,Success
TXN_0004786,CUST_00524,1757.15,2024-07-28,3,South,Success
TXN_0004787,CUST_00613,8105.23,2024-01-29,4,West,Success
TXN_0004788,CUST_01180,742.97,2024-02-08,3,East,Success
TXN_0004789,CUST_00125,8551.4,2024-12-12,7,South,Success
TXN_0004790,CUST_00871,1794.04,2024-04-09,6,North,Success
TXN_0004791,CUST_00280,2271.73,2024-06-21,8,North,Success
TXN_0004792,CUST_00917,925.78,2024-01-17,2,South,Success
TXN_0004793,CUST_00622,1191.52,2024-02-25,3,East,Success
TXN_0004794,CUST_00846,1476.86,2024-08-13,7,West,Success
TXN_0004795,CUST_00674,956.66,2024-02-15,7,North,Success
TXN_0004796,CUST_01152,1868.45,2024-03-07,2,North,Success
TXN_0004797,CUST_00314,1594.61,2024-07-15,3,West,Success
TXN_0004798,CUST_00332,9707.22,2024-05-21,6,West,Success
TXN_0004799,CUST_01174,868.89,2024-11-18,3,North,Success
TXN_0004800,CUST_00036,2397.43,2024-01-23,4,West,Success
TXN_0004801,CUST_01046,2692.64,2024-04-03,5,South,Success
TXN_0004802,CUST_00206,937.99,2024-08-29,5,North,Fail
TXN_0004803,CUST_00639,3825.57,2024-08-24,7,North,Success
TXN_0004804,CUST_00848,1605.74,2024-02-23,2,North,Success
TXN_0004805,CUST_00440,300.69,2024-05-17,9,South,Success
TXN_0004806,CUST_00729,3743.89,2024-11-28,3,North,Success
TXN_0004807,CUST_01120,903.65,2024-09-28,8,West,Success
TXN_0004808,CUST_00941,955.07,2024-02-10,5,North,Success
TXN_0004809,CUST_00164,3828.86,2024-04-07,5,South,Success
TXN_0004810,CUST_00148,1672.83,2024-07-01,2,South,Success
TXN_0004811,CUST_00294,4601.87,2024-05-07,4,East,Fail
TXN_0004812,CUST_00195,5814.63,2024-08-16,7,North,Success
TXN_0004813,CUST_00663,1318.25,2024-11-12,8,South,Success
TXN_0004814,CUST_00480,4165.58,2024-03-26,7,East,Success
TXN_0004815,CUST_00123,1206.68,2024-09-12,9,North,Success
TXN_0004816,CUST_00699,13180.49,2024-07-27,5,South,Success
TXN_0004817,CUST_00965,1268.56,2024-08-02,3,South,Fail
TXN_0004818,CUST_00661,5018.42,2024-04-09,3,North,Success
TXN_0004819,CUST_01128,4337.41,2024-02-18,7,North,Success
TXN_0004820,CUST_00710,2843.73,2024-07-19,6,East,Success
TXN_0004821,CUST_00396,1291.51,2024-09-14,6,North,Success
TXN_0004822,CUST_00912,1956.44,2024-06-26,8,North,Success
TXN_0004823,CUST_01005,394.31,2024-09-01,3,West,Success
TXN_0004824,CUST_01166,2642.65,2024-05-02,2,North,Success
TXN_0004825,CUST_00317,2921.03,2024-12-07,3,South,Success
TXN_0004826,CUST_00681,2457.25,2024-06-19,7,East,Success
TXN_0004827,CUST_00495,204.66,2024-11-28,10,East,Success
TXN_0004828,CUST_00556,802.31,2024-05-15,5,East,Success
TXN_0004829,CUST_00610,1213.82,2024-02-28,7,South,Success
TXN_0004830,CUST_00109,2788.69,2024-07-11,3,North,Success
TXN_0004831,CUST_00372,2783.52,2024-09-24,5,South,Success
TXN_0004832,CUST_00855,1927.2,2024-09-16,4,West,Success
TXN_0004833,CUST_00616,3670.92,2024-04-04,2,East,Success
TXN_0004834,CUST_00768,971.66,2024-05-04,6,North,Success
TXN_0004835,CUST_00206,3598.2,2024-02-10,4,North,Success
TXN_0004836,CUST_00847,3228.57,2024-09-10,3,East,Success
TXN_0004837,CUST_00043,2987.06,2024-01-07,4,West,Fail
TXN_0004838,CUST_00865,1909.06,2024-08-03,6,West,Success
TXN_0004839,CUST_00785,9552.85,2024-03-09,2,North,Success
TXN_0004840,CUST_00476,3276.58,2024-03-09,3,South,Success
TXN_0004841,CUST_00083,1017.73,2024-03-21,1,East,Success
TXN_0004842,CUST_01134,2693.63,2024-01-30,2,South,Success
TXN_0004843,CUST_00190,4031.87,2024-03-13,3,North,Success
TXN_0004844,CUST_00800,1379.55,2024-09-18,5,East,Success
TXN_0004845,CUST_00936,5278.61,2024-03-29,7,West,Success
TXN_0004846,CUST_00251,2997.78,2024-07-26,4,West,Success
TXN_0004847,CUST_00291,339.01,2024-07-31,3,West,Success
TXN_0004848,CUST_00326,2806.62,2024-11-17,7,North,Success
TXN_0004849,CUST_00837,1595.87,2024-09-22,3,West,Success
TXN_0004850,CUST_00508,3393.93,2024-10-19,6,East,Success
TXN_0004851,CUST_00731,4700.25,2024-07-25,9,East,Success
TXN_0004852,CUST_00072,2581.51,2024-11-28,4,East,Fail
TXN_0004853,CUST_00641,8368.26,2024-03-17,5,East,Success
TXN_0004854,CUST_00940,1914.16,2024-10-14,5,West,Fail
TXN_0004855,CUST_00608,3640.42,2024-02-16,7,East,Success
TXN_0004856,CUST_00566,4204.68,2024-04-19,5,North,Success
TXN_0004857,CUST_00054,2042.9,2024-07-18,7,East,Success
TXN_0004858,CUST_00528,4117.57,2024-07-28,6,West,Success
TXN_0004859,CUST_00611,1372.32,2024-06-02,5,West,Success
TXN_0004860,CUST_00193,1574.9,2024-01-10,8,South,Success
TXN_0004861,CUST_00058,772.79,2024-12-18,10,East,Success
TXN_0004862,CUST_01135,2678.81,2024-06-05,7,West,Success
TXN_0004863,CUST_00129,2864.65,2024-09-17,5,South,Success
TXN_0004864,CUST_00706,5672.64,2024-03-17,4,North,Success
TXN_0004865,CUST_00852,4158.51,2024-09-13,5,East,Success
TXN_0004866,CUST_00008,1758.41,2024-05-10,6,West,Success
TXN_0004867,CUST_00029,860.45,2024-03-07,4,West,Success
TXN_0004868,CUST_01136,3122.16,2024-08-15,6,East,Success
TXN_0004869,CUST_00947,5370.1,2024-06-11,3,South,Success
TXN_0004870,CUST_00131,4040.6,2024-01-15,6,East,Fail
TXN_0004871,CUST_00188,5258.4,2024-08-19,4,North,Success
TXN_0004872,CUST_00709,1864.02,2024-07-13,3,North,Success
TXN_0004873,CUST_00212,1520.36,2024-12-14,1,East,Success
TXN_0004874,CUST_00276,1224.73,2024-01-30,5,South,Success
TXN_0004875,CUST_01097,2111.77,2024-12-24,7,North,Success
TXN_0004876,CUST_00243,2073.78,2024-12-03,4,East,Fail
TXN_0004877,CUST_01126,2605.4,2024-11-26,4,South,Success
TXN_0004878,CUST_00987,1991.34,2024-11-11,5,South,Success
TXN_0004879,CUST_00685,1984.45,2024-10-22,6,West,Success
TXN_0004880,CUST_00171,1186.36,2024-11-25,3,North,Success
TXN_0004881,CUST_00653,4690.5,2024-08-07,2,East,Success
TXN_0004882,CUST_00188,2347.75,2024-05-26,3,North,Success
TXN_0004883,CUST_01110,1920.7,2024-09-15,10,South,Fail
TXN_0004884,CUST_00052,1214.46,2024-10-18,5,West,Success
TXN_0004885,CUST_00111,760.88,2024-10-25,2,North,Success
TXN_0004886,CUST_00877,6287.83,2024-05-22,6,East,Success
TXN_0004887,CUST_01067,3441.67,2024-08-22,4,North,Success
TXN_0004888,CUST_00211,602.37,2024-04-24,3,South,Success
TXN_0004889,CUST_00858,4066.4,2024-12-30,6,West,Success
TXN_0004890,CUST_00627,4619.24,2024-03-30,6,North,Success
TXN_0004891,CUST_01050,2439.38,2024-07-26,2,South,Success
TXN_0004892,CUST_00299,7930.64,2024-06-12,4,South,Success
TXN_0004893,CUST_01101,2626.42,2024-03-24,8,West,Success
TXN_0004894,CUST_00924,710.91,2024-03-17,9,South,Success
TXN_0004895,CUST_00137,2957.61,2024-06-09,5,North,Success
TXN_0004896,CUST_01044,2686.29,2024-01-05,6,East,Success
TXN_0004897,CUST_00440,1362.89,2024-03-18,5,West,Success
TXN_0004898,CUST_00211,3494.16,2024-03-31,2,South,Success
TXN_0004899,CUST_00752,581.65,2024-03-27,8,North,Success
TXN_0004900,CUST_00435,4877.82,2024-09-26,4,West,Success
TXN_0004901,CUST_00780,1093.9,2024-04-13,5,South,Success
TXN_0004902,CUST_00439,1004.3,2024-12-04,4,North,Success
TXN_0004903,CUST_00666,2016.14,2024-06-23,5,South,Success
TXN_0004904,CUST_01066,3122.47,2024-02-23,7,North,Success
TXN_0004905,CUST_00411,2517.8,2024-07-29,6,South,Success
TXN_0004906,CUST_00806,1219.11,2024-04-04,5,West,Success
TXN_0004907,CUST_00610,1473.11,2024-08-10,5,West,Success
TXN_0004908,CUST_00427,892.09,2024-01-09,3,West,Success
TXN_0004909,CUST_00902,1845.04,2024-02-22,7,South,Success
TXN_0004910,CUST_00942,5218.77,2024-03-17,6,South,Success
TXN_0004911,CUST_00742,2200.83,2024-07-24,7,West,Success
TXN_0004912,CUST_00328,4391.96,2024-11-11,9,West,Success
TXN_0004913,CUST_00052,7074.99,2024-10-28,4,East,Success
TXN_0004914,CUST_00376,1379.65,2024-11-05,8,North,Success
TXN_0004915,CUST_00263,1902.15,2024-11-25,5,East,Success
TXN_0004916,CUST_00267,12543.45,2024-04-21,6,North,Success
TXN_0004917,CUST_00359,7012.68,2024-12-16,4,South,Success
TXN_0004918,CUST_00652,579.45,2024-06-13,5,North,Success
TXN_0004919,CUST_00046,3010.07,2024-10-05,6,North,Success
TXN_0004920,CUST_00600,2209.34,2024-01-27,10,South,Success
TXN_0004921,CUST_00720,4277.66,2024-03-10,5,South,Success
TXN_0004922,CUST_00601,1216.85,2024-08-05,7,South,Success
TXN_0004923,CUST_00381,1128.13,2024-12-30,5,West,Success
TXN_0004924,CUST_00118,1285.81,2024-07-07,6,West,Success
TXN_0004925,CUST_00116,1397.52,2024-11-28,5,North,Success
TXN_0004926,CUST_00260,4239.75,2024-11-01,6,South,Success
TXN_0004927,CUST_01099,858.37,2024-05-03,4,West,Success
TXN_0004928,CUST_00305,1341.99,2024-01-19,3,South,Success
TXN_0004929,CUST_00007,527.84,2024-09-13,4,North,Success
TXN_0004930,CUST_00366,4942.83,2024-10-22,6,West,Success
TXN_0004931,CUST_00523,6104.76,2024-01-22,2,West,Success
TXN_0004932,CUST_00429,1699.93,2024-02-09,3,East,Success
TXN_0004933,CUST_00791,1740.0,2024-02-07,5,North,Success
TXN_0004934,CUST_00747,3173.46,2024-02-17,6,West,Success
TXN_0004935,CUST_00367,7183.81,2024-07-01,2,North,Success
TXN_0004936,CUST_00313,3062.2,2024-03-15,3,North,Success
TXN_0004937,CUST_00538,1263.91,2024-07-27,5,South,Success
TXN_0004938,CUST_00921,604.83,2024-07-01,2,North,Success
TXN_0004939,CUST_01078,904.97,2024-04-16,7,East,Success
TXN_0004940,CUST_00865,2341.57,2024-07-06,4,West,Success
TXN_0004941,CUST_01188,1307.32,2024-09-20,9,North,Success
TXN_0004942,CUST_00782,2581.11,2024-03-26,5,North,Success
TXN_0004943,CUST_00334,1418.93,2024-11-19,4,South,Success
TXN_0004944,CUST_00798,947.17,2024-11-26,5,South,Success
TXN_0004945,CUST_00348,861.24,2024-05-16,5,East,Success
TXN_0004946,CUST_00273,7706.99,2024-12-11,5,North,Success
TXN_0004947,CUST_00963,4497.11,2024-12-01,7,North,Success
TXN_0004948,CUST_00720,8816.8,2024-04-04,6,North,Success
TXN_0004949,CUST_00500,3401.46,2024-11-21,4,North,Success
TXN_0004950,CUST_01117,1565.57,2024-09-01,4,West,Success
TXN_0004951,CUST_00685,6365.66,2024-03-30,6,North,Success
TXN_0004952,CUST_00079,2150.69,2024-02-28,7,North,Success
TXN_0004953,CUST_00622,2635.09,2024-01-28,5,West,Success
TXN_0004954,CUST_00947,2133.97,2024-03-12,7,South,Success
TXN_0004955,CUST_00358,209.03,2024-09-26,7,East,Success
TXN_0004956,CUST_00618,7972.78,2024-01-24,4,North,Success
TXN_0004957,CUST_00507,3270.84,2024-04-21,5,West,Success
TXN_0004958,CUST_00576,2875.15,2024-10-26,7,North,Success
TXN_0004959,CUST_00244,2101.86,2024-02-25,3,South,Success
TXN_0004960,CUST_00506,2516.8,2024-08-10,3,West,Success
TXN_0004961,CUST_00422,1369.47,2024-04-29,5,West,Success
TXN_0004962,CUST_01111,3616.51,2024-06-27,4,West,Fail
TXN_0004963,CUST_00217,776.13,2024-10-14,6,North,Fail
TXN_0004964,CUST_01009,2562.8,2024-10-07,5,South,Success
TXN_0004965,CUST_01193,3460.81,2024-07-07,6,East,Success
TXN_0004966,CUST_00330,1883.83,2024-03-06,6,West,Success
TXN_0004967,CUST_00650,2971.12,2024-10-24,6,North,Success
TXN_0004968,CUST_00391,999.18,2024-09-05,5,East,Success
TXN_0004969,CUST_00381,1019.78,2024-03-16,7,West,Success
TXN_0004970,CUST_00742,2668.77,2024-05-16,6,North,Success
TXN_0004971,CUST_00820,3800.32,2024-06-12,4,East,Success
TXN_0004972,CUST_00673,492.8,2024-08-20,5,East,Success
TXN_0004973,CUST_00513,3353.02,2024-09-11,3,West,Success
TXN_0004974,CUST_00949,1430.01,2024-10-20,3,North,Success
TXN_0004975,CUST_00930,1892.69,2024-06-18,5,East,Success
TXN_0004976,CUST_00913,756.26,2024-11-12,3,South,Success
TXN_0004977,CUST_00644,1117.34,2024-06-22,8,South,Success
TXN_0004978,CUST_00427,4783.37,2024-12-10,6,East,Success
TXN_0004979,CUST_00502,2267.18,2024-01-18,6,West,Success
TXN_0004980,CUST_00730,1625.84,2024-03-10,5,West,Fail
TXN_0004981,CUST_00071,2011.85,2024-12-03,7,West,Success
TXN_0004982,CUST_00478,3266.16,2024-04-25,4,East,Success
TXN_0004983,CUST_00457,3141.31,2024-03-20,3,West,Success
TXN_0004984,CUST_00189,2079.7,2024-01-15,3,West,Success
TXN_0004985,CUST_00291,5294.2,2024-06-24,5,South,Fail
TXN_0004986,CUST_00920,4799.99,2024-09-25,5,North,Success
TXN_0004987,CUST_00292,3073.89,2024-04-28,3,South,Success
TXN_0004988,CUST_00756,2306.97,2024-10-25,8,East,Success
TXN_0004989,CUST_00377,3736.32,2024-07-06,4,South,Success
TXN_0004990,CUST_01180,2839.59,2024-02-26,6,North,Success
TXN_0004991,CUST_00508,5159.73,2024-07-17,4,South,Success
TXN_0004992,CUST_00528,4535.31,2024-01-17,4,West,Success
TXN_0004993,CUST_00559,977.89,2024-10-14,5,North,Success
TXN_0004994,CUST_01055,926.33,2024-02-24,9,East,Success
TXN_0004995,CUST_00260,1260.17,2024-09-25,3,South,Success
TXN_0004996,CUST_00421,4821.84,2024-10-29,4,South,Success
TXN_0004997,CUST_00304,625.75,2024-03-27,8,West,Success
TXN_0004998,CUST_00942,3028.45,2024-11-13,3,North,Success
TXN_0004999,CUST_01063,2951.4,2024-01-29,6,West,Success
TXN_0005000,CUST_00542,5597.74,2024-01-22,4,South,Success
